titulo,calificacion
Quand les anges s'en mêlent...,La pelicula no está en la página Rotten Tomatoes
Thoe khao rao phi,La pelicula no está en la página Rotten Tomatoes
OffBeat,No aparece puntuación
Marriage,La pelicula no está en la página Rotten Tomatoes
Die Sonne Brennt,La pelicula no está en la página Rotten Tomatoes
Hap joek nam nui,La pelicula no está en la página Rotten Tomatoes
The Bestowal,No aparece puntuación
Rowdy Baby,La pelicula no está en la página Rotten Tomatoes
Shot Down,No aparece puntuación
Maniacts,48%
Super Hap,No aparece puntuación
Look Both Ways,No aparece puntuación
Neelanjana,La pelicula no está en la página Rotten Tomatoes
Melvin Goes to Dinner,100%
Green Card,No aparece puntuación
Bat kau lau dik lui hai,La pelicula no está en la página Rotten Tomatoes
Life Anubavinchu Raja,No aparece puntuación
Spontaneous,96%
Eating Out 2: Sloppy Seconds,44%
El Hubiera Sí Existe,No aparece puntuación
En del av mitt hjärta,No aparece puntuación
Yau leng ching shu,La pelicula no está en la página Rotten Tomatoes
Porcupine Lake,93%
Sanam Teri Kasam,No aparece puntuación
Christmas in Big Sky Country,La pelicula no está en la página Rotten Tomatoes
Rokjesdag,La pelicula no está en la página Rotten Tomatoes
Sa-rang-ha-ni-gga-gwen-chan-a,"5,6/10"
Love is Patient,No aparece puntuación
Gerard,No aparece puntuación
Q,La pelicula no está en la página Rotten Tomatoes
Xi you: Xiang mo pian,La pelicula no está en la página Rotten Tomatoes
Yaariyan 2,No aparece puntuación
Befaam,No aparece puntuación
No Means No,No aparece puntuación
Kaatru Veliyidai,La pelicula no está en la página Rotten Tomatoes
Café Transit,No aparece puntuación
Xuxa em Sonho de Menina,"2,2/10"
Joséphine,40%
Southern Belles,36%
Drakkar,No aparece puntuación
University,No aparece puntuación
Nola,0%
Best Day Ever,No aparece puntuación
The Nanny Diaries,No aparece puntuación
Dagger of Adultery,No aparece puntuación
The Whirlpool,No aparece puntuación
What If It Works?,No aparece puntuación
Affection/Affectation,No aparece puntuación
Stereo Hearts,No aparece puntuación
Slambook,La pelicula no está en la página Rotten Tomatoes
Tian xuan di lian,La pelicula no está en la página Rotten Tomatoes
Say It Isn't So,8%
En gång i Phuket,No aparece puntuación
Daruchini Dwip,No aparece puntuación
Love School Life,No aparece puntuación
Dil Tohra Pyar Mein Pagal Ho Gail,No aparece puntuación
For Lovers Only,82%
Chasing the One,La pelicula no está en la página Rotten Tomatoes
The Seventh Heaven,No aparece puntuación
Oohalu Gusagusalade,No aparece puntuación
,
Trick,No aparece puntuación
Hard Luck Love Song,37%
Expired,59%
Turbulência,16%
Phool Bane Patthar,No aparece puntuación
Love Action Drama,No aparece puntuación
Vijayaba Kollaya,La pelicula no está en la página Rotten Tomatoes
iGirl mung ching yan,La pelicula no está en la página Rotten Tomatoes
Quý cô thua ke,"5,5/10"
Wedding Advice: Speak Now or Forever Hold Your Peace,21%
Zeny v pokusení,La pelicula no está en la página Rotten Tomatoes
Sommar och en jävla massa trubbel,La pelicula no está en la página Rotten Tomatoes
Saki Ja!,No aparece puntuación
Men with Brooms,57%
Kishibe no tabi,La pelicula no está en la página Rotten Tomatoes
Gesu no ai,80%
Only a Switch,No aparece puntuación
12 B,No aparece puntuación
The Broccoli Theory,No aparece puntuación
Prostodushnyy,La pelicula no está en la página Rotten Tomatoes
Love's Coming,No aparece puntuación
Good Advice,No aparece puntuación
A Place to Stay,La pelicula no está en la página Rotten Tomatoes
Downtime,31%
Belle Epoque,No aparece puntuación
Enfin veuve,La pelicula no está en la página Rotten Tomatoes
Greeku Veerudu,33%
Pleasureland,No aparece puntuación
Geroy,No aparece puntuación
Isshûkan furenzu,La pelicula no está en la página Rotten Tomatoes
Wellkåmm to Verona,No aparece puntuación
Five Feet Apart,No aparece puntuación
"Tag-ulan noon, ang bukid ay basa",No aparece puntuación
Olivia,No aparece puntuación
Altas Expectativas,No aparece puntuación
Bava Nachadu,No aparece puntuación
Selvam,No aparece puntuación
Sampaguita,No aparece puntuación
Sparsha,No aparece puntuación
Antithetical tear,La pelicula no está en la página Rotten Tomatoes
Someone Like You,No aparece puntuación
Ostitto,No aparece puntuación
Surviving Georgia,6%
Golden Treasure,No aparece puntuación
"Que la barque se brise, que la jonque s'entrouvre",No aparece puntuación
Daylight Again,La pelicula no está en la página Rotten Tomatoes
The Answer,No aparece puntuación
Love Nu Licence,No aparece puntuación
No Alibi,27%
B-Girl,30%
Trixie,28%
Sunshine Becomes You,No aparece puntuación
Shigatsu monogatari,La pelicula no está en la página Rotten Tomatoes
Main Hoon Na,No aparece puntuación
Be with Me,No aparece puntuación
Maya,43%
"Yeonaeneun pro, gyeolhoneun amateur",La pelicula no está en la página Rotten Tomatoes
Um Lugar Para Ser Feliz,La pelicula no está en la página Rotten Tomatoes
Love Aaj Kal Porshu,No aparece puntuación
Mr Lonely,No aparece puntuación
Jibon Songi,"6,7/10"
Death Hair,La pelicula no está en la página Rotten Tomatoes
Mogudu Pellam O Dongodu,No aparece puntuación
Dorasani,No aparece puntuación
Hot Girl Next Door,56%
Xue san xiong ling,La pelicula no está en la página Rotten Tomatoes
Hoore! Hoore!,La pelicula no está en la página Rotten Tomatoes
Lust,No aparece puntuación
Yuen mong shu,La pelicula no está en la página Rotten Tomatoes
Princess Ka'iulani,No aparece puntuación
How Stella Got Her Groove Back,50%
Lo Contrario de la Muerte,La pelicula no está en la página Rotten Tomatoes
Middleton Christmas,100%
You Have a Nice Flight,No aparece puntuación
Anxiety Attack,36%
Mahajananiki Maradhalu Pilla,La pelicula no está en la página Rotten Tomatoes
Kumari 21F,No aparece puntuación
Yool and Seul,No aparece puntuación
I Still Believe,No aparece puntuación
Sridevi Soda Center,No aparece puntuación
To Be with You,La pelicula no está en la página Rotten Tomatoes
Kod,La pelicula no está en la página Rotten Tomatoes
The Protector,No aparece puntuación
Nad gorodom,La pelicula no está en la página Rotten Tomatoes
Bandeiji,No aparece puntuación
Surviving the Silence,No aparece puntuación
Apartment 202,No aparece puntuación
Happy Sardar,No aparece puntuación
I Remember You,54%
Attraction,No aparece puntuación
Lou she oi sheung mao,La pelicula no está en la página Rotten Tomatoes
Remember me,26%
Soundtrack to Sixteen,75%
Marthe,No aparece puntuación
Mon bébé,La pelicula no está en la página Rotten Tomatoes
The Red Violin,74%
Reborn,No aparece puntuación
La vie fantôme,No aparece puntuación
Our Life in Make Believe,No aparece puntuación
Amai osake de ugai,La pelicula no está en la página Rotten Tomatoes
A Great Big Bucket of Love,No aparece puntuación
Umi no naka ni keshiwasureta,La pelicula no está en la página Rotten Tomatoes
Novembernalli Naanu Avalu,No aparece puntuación
Vaya con Dios,No aparece puntuación
The Latin Dream,No aparece puntuación
Jungle,No aparece puntuación
Status Pending,No aparece puntuación
Elze Is Gilijos,"7,6/10"
Half Dollar Life,La pelicula no está en la página Rotten Tomatoes
Sudhu Bhalobasa,La pelicula no está en la página Rotten Tomatoes
The Man from Elysian Fields,52%
Von Loves Her Modernist,No aparece puntuación
All I Wish,La pelicula no está en la página Rotten Tomatoes
Chaharshanbe-soori,La pelicula no está en la página Rotten Tomatoes
Ek Dhansu Love Story,La pelicula no está en la página Rotten Tomatoes
Dali Holiday,No aparece puntuación
Gayby,90%
No Boyfriend Since Birth,No aparece puntuación
Asa Nu Maan Watna Da: In Search of Our Roots,80%
Bigger Than the Sky,No aparece puntuación
Jiyo Mhara Lal,La pelicula no está en la página Rotten Tomatoes
Naa Manasistha raa,No aparece puntuación
Baker's Man,No aparece puntuación
It Happened at Midnight,No aparece puntuación
Ava's Impossible Things,No aparece puntuación
Lakshya,85%
Wish You Were Here,71%
The Waters of Rutherville,La pelicula no está en la página Rotten Tomatoes
Ye Wendoch Guday,La pelicula no está en la página Rotten Tomatoes
,
Janha Ratira Sathi,No aparece puntuación
Caroline at Midnight,No aparece puntuación
Sang Penari,La pelicula no está en la página Rotten Tomatoes
Agni Varsha,No aparece puntuación
Meu Passado Me Condena: O Filme,No aparece puntuación
Sucedió en un día,La pelicula no está en la página Rotten Tomatoes
The Bride & The Grooms,No aparece puntuación
Fall Back Down,La pelicula no está en la página Rotten Tomatoes
Doua inimi,La pelicula no está en la página Rotten Tomatoes
Nhan Duyen: Nguoi Yeu Tien Kiep,"4,9/10"
Kya Yehi Pyaar Hai,No aparece puntuación
Forbidden,No aparece puntuación
Krodha,La pelicula no está en la página Rotten Tomatoes
,
This Is Not a Film,56%
Forever Since,No aparece puntuación
Les étoiles restantes,La pelicula no está en la página Rotten Tomatoes
Pillertrillaren,La pelicula no está en la página Rotten Tomatoes
Más allá del límite,No aparece puntuación
Something in Common,No aparece puntuación
Basheerinte Premalekhanam,No aparece puntuación
Hasee Toh Phasee,80%
"Joana e Marcelo, Amor (Quase) Perfeito",7/10
Obitnytsia,La pelicula no está en la página Rotten Tomatoes
,
Omar,90%
Little Annie,29%
"Pare osób, maly czas",La pelicula no está en la página Rotten Tomatoes
Shart: The Challenge,No aparece puntuación
Amnesia,77%
Made in Good Air,No aparece puntuación
Genah' yolu suyre,La pelicula no está en la página Rotten Tomatoes
Badrinath Ki Dulhania,No aparece puntuación
Plan de table,30%
Madly,No aparece puntuación
The Rainbow Bridge Motel,33%
Colossal Youth,No aparece puntuación
Linda Sara,80%
One Second,100%
Hard Promises,40%
Pech to nie grzech,La pelicula no está en la página Rotten Tomatoes
Kalankini Based on the Novel by Gulshan Nanda 1993,No aparece puntuación
The End of Sex,61%
Wo de mei li wang guo,La pelicula no está en la página Rotten Tomatoes
Vital Signs,43%
Shiroi otoshimonotachi,La pelicula no está en la página Rotten Tomatoes
Tera Jadoo Chal Gayaa,33%
LA Underground,No aparece puntuación
Was es ist,La pelicula no está en la página Rotten Tomatoes
Rato Galbandi,La pelicula no está en la página Rotten Tomatoes
Cinta Subuh,No aparece puntuación
Kids in Love,38%
Stranger Than Fiction,No aparece puntuación
Top Gear,La pelicula no está en la página Rotten Tomatoes
Superhero,83%
Nan Jing de ji du,La pelicula no está en la página Rotten Tomatoes
Liminality,No aparece puntuación
Jing goo wong,No aparece puntuación
West of Eden,No aparece puntuación
Patch Adams,21%
Benny & Joon,No aparece puntuación
My Paranormal Romance,No aparece puntuación
Seandainya Kau Ada,"7,6/10"
Not the Most Careful of Girls,La pelicula no está en la página Rotten Tomatoes
Someone Borrowed,69%
Waking Up in Reno,11%
No Hero,67%
Hawaii,76%
Whitman,No aparece puntuación
Kadhal Mannan,No aparece puntuación
Pappa pia,No aparece puntuación
Anton,No aparece puntuación
Demimonde,La pelicula no está en la página Rotten Tomatoes
The Little Mermaid,20%
UM CASO DO OUTRO MUNDO,La pelicula no está en la página Rotten Tomatoes
Ohongkar,No aparece puntuación
Alegre ma non troppo,90%
Sotto falso nome,La pelicula no está en la página Rotten Tomatoes
Bethune: The Making of a Hero,No aparece puntuación
The Three Brides,La pelicula no está en la página Rotten Tomatoes
Ishqiya,No aparece puntuación
Bad Manners,85%
Romantik Komedi 2: Bekarliga Veda,25%
Morning Glory,56%
18 Year Old Seungha's Sense Game,No aparece puntuación
Replica,17%
Sudhu Ekbar Bolo,No aparece puntuación
Vilken jävla cirkus,La pelicula no está en la página Rotten Tomatoes
Naken,La pelicula no está en la página Rotten Tomatoes
Never Fall in Love,No aparece puntuación
Sukhodol,La pelicula no está en la página Rotten Tomatoes
Dorakadu,La pelicula no está en la página Rotten Tomatoes
Love & Other Drugs,49%
Sorry Bhai!,41%
Slackers,No aparece puntuación
Won't Last a Day Without You,No aparece puntuación
En plein coeur,La pelicula no está en la página Rotten Tomatoes
Vi Dang Tình Yêu,"7,1/10"
Green Diggity Dog,"7,5/10"
Een man die Ove heet,No aparece puntuación
The Quintessential Quintuplets Movie,No aparece puntuación
Because of Grácia,95%
Evil Woman,No aparece puntuación
The Château,51%
Smell of Rain,La pelicula no está en la página Rotten Tomatoes
With or Without You,36%
Eppadi Manasukkul Vandhai,No aparece puntuación
Broadway Damage,22%
Kertu,La pelicula no está en la página Rotten Tomatoes
Mayakkam Enna,84%
Set It Up,92%
Et toi t'es sur qui?,No aparece puntuación
Fujiyama ni missile,La pelicula no está en la página Rotten Tomatoes
Sex Actually,No aparece puntuación
Almost Normal,42%
"Traktor, ljubezen in Rock'n'Roll",No aparece puntuación
A Trança Feiticeira,"7,2/10"
Scary Normal,No aparece puntuación
Corporate Fantasy,No aparece puntuación
Nous York,16%
Major Saab,15%
Chahoonga Main Tujhe,No aparece puntuación
How to Say Goodbye,No aparece puntuación
Hatuli Ragel,No aparece puntuación
Izzy Gets the Fuck Across Town,55%
Wi-heom-han sang-gyeon-rye,La pelicula no está en la página Rotten Tomatoes
Villa Vevrier,La pelicula no está en la página Rotten Tomatoes
I Hate You,No aparece puntuación
Wild Hearts Can't Be Broken,73%
Skyscraper on an Uninhabited Island: Russian version,La pelicula no está en la página Rotten Tomatoes
The Souvenir: Part II,No aparece puntuación
Amar,No aparece puntuación
All Things Go,No aparece puntuación
Killer,63%
The Lovebirds,66%
Ji Wife Ji,No aparece puntuación
My Days of Mercy,No aparece puntuación
Hardscrabble,No aparece puntuación
Nigakute amai,20%
Alice in Wonderland,51%
Teeth,80%
Kya Love Story Hai,45%
Mano po 7: Chinoy,No aparece puntuación
A Thought of Ecstasy,No aparece puntuación
Poyezdka v Visbaden,La pelicula no está en la página Rotten Tomatoes
Mahal kita... Kahit sino ka pa!,No aparece puntuación
K Yo Maya Ho,"7,8/10"
Bulbul Tarang,La pelicula no está en la página Rotten Tomatoes
Lista de espera,La pelicula no está en la página Rotten Tomatoes
Fang hua,La pelicula no está en la página Rotten Tomatoes
The Ghost Mountain Experiment,No aparece puntuación
Moved,La pelicula no está en la página Rotten Tomatoes
City of Lost Love,No aparece puntuación
Making Time,No aparece puntuación
Black Coat Mob,No aparece puntuación
Nine Minute Love Song,No aparece puntuación
A ciegas,No aparece puntuación
Irreconcilable Differences,No aparece puntuación
3rd Street Blackout,40%
Final Fantasy: The Spirits Within,No aparece puntuación
Product of My Environment,No aparece puntuación
School Romance: Pure Love Web Series,No aparece puntuación
What Love Feels Like,No aparece puntuación
Rising Star,No aparece puntuación
Korotkoe dykhanie lyubvi,La pelicula no está en la página Rotten Tomatoes
Abstraction,55%
Topher and Prescott - The Motion Picture,35%
Night of the Living Deb,88%
The Christmas Venue,No aparece puntuación
Audition,80%
Dear Sidewalk,No aparece puntuación
First Love Loss Time,No aparece puntuación
Occupying Ed,No aparece puntuación
Hamam,La pelicula no está en la página Rotten Tomatoes
The Awakening of Spring,No aparece puntuación
Azul y no tan rosa,La pelicula no está en la página Rotten Tomatoes
Pinjamkan Hatiku,No aparece puntuación
Star: Radiant Love,No aparece puntuación
Haal-e-Dil,52%
Se Safando,No aparece puntuación
Ma femme me quitte,La pelicula no está en la página Rotten Tomatoes
Kayikçi,La pelicula no está en la página Rotten Tomatoes
Pedestrian Crossing,No aparece puntuación
Present Still Perfect,No aparece puntuación
Cats in my Dreams,No aparece puntuación
Bharjari,No aparece puntuación
Beyond America,No aparece puntuación
Story of a Bad Boy,No aparece puntuación
Yi lu xiang xi,La pelicula no está en la página Rotten Tomatoes
Hollywood Dirt,No aparece puntuación
The Decoy Bride,23%
Gaki Rock,No aparece puntuación
Liberty's Secret,No aparece puntuación
Celle que vous croyez,La pelicula no está en la página Rotten Tomatoes
Brownian Movement,16%
Le affinità elettive,31%
Merry Ex-Mas,No aparece puntuación
Tula Kalnnaar Nahi,No aparece puntuación
October,No aparece puntuación
Deeply in Love,No aparece puntuación
Ikaw,La pelicula no está en la página Rotten Tomatoes
14 days Love,No aparece puntuación
Dry Spell,No aparece puntuación
Vishka,No aparece puntuación
Rimba malam,No aparece puntuación
Gui yan,La pelicula no está en la página Rotten Tomatoes
Mumbai Pune Mumbai,No aparece puntuación
Tsunami,La pelicula no está en la página Rotten Tomatoes
DAWN A Fan-Made before the Storm Story,"6,4/10"
Bak fat moh lui zyun,La pelicula no está en la página Rotten Tomatoes
Muerto de amor,La pelicula no está en la página Rotten Tomatoes
Épouse-moi,70%
Burden,No aparece puntuación
Love Until,La pelicula no está en la página Rotten Tomatoes
Haepi-endeu,No aparece puntuación
Say Yes Quickly,No aparece puntuación
Luen oi chor gor,La pelicula no está en la página Rotten Tomatoes
Sun Moon,No aparece puntuación
Jaan-E-Mann: Let's Fall in Love... Again,No aparece puntuación
Lisístrata,No aparece puntuación
Karaoke Man,No aparece puntuación
Parking,No aparece puntuación
Uprowadzenie Agaty,No aparece puntuación
Cine Cafe in Paris,No aparece puntuación
Bad Girls from Valley High,La pelicula no está en la página Rotten Tomatoes
Abo Ali,No aparece puntuación
Bird of Prey,No aparece puntuación
The Dying Game,La pelicula no está en la página Rotten Tomatoes
Le mari de la coiffeuse,La pelicula no está en la página Rotten Tomatoes
Admiral,61%
Koodal Nagar,No aparece puntuación
Sollamale,No aparece puntuación
Ekk Deewana Tha,No aparece puntuación
Pensionat Oskar,No aparece puntuación
Beat Girl,No aparece puntuación
Bitter Jester,No aparece puntuación
When the Wheels Fall Off,96%
Zhai Nan Zong Dong Yuan,No aparece puntuación
The Wednesday Night Save the World Society,La pelicula no está en la página Rotten Tomatoes
I'll Take You There,No aparece puntuación
Youth Dinner,No aparece puntuación
Pritam Apni Paheli Prit,No aparece puntuación
Sayonara kabukichô,La pelicula no está en la página Rotten Tomatoes
Back to Lyla,No aparece puntuación
Ganga Kinare Pyar Pukare,La pelicula no está en la página Rotten Tomatoes
She's from Another Planet,La pelicula no está en la página Rotten Tomatoes
Zubeidaa,64%
Men nazret ain,La pelicula no está en la página Rotten Tomatoes
If,La pelicula no está en la página Rotten Tomatoes
The Love Potion,No aparece puntuación
Enfermo Amor,"7,1/10"
Parallelnye miry,La pelicula no está en la página Rotten Tomatoes
Maria the Korean Bride,No aparece puntuación
Trisha Illana Nayanthara,No aparece puntuación
Lovers Club,No aparece puntuación
P.S.,No aparece puntuación
Chal Chal Gurram,No aparece puntuación
Al final todos mueren,33%
A Walk in the Sun,88%
Bad Boy Street,35%
Anbulla Kadhalukku,No aparece puntuación
Gabriela,70%
Iskrenne Vasha,La pelicula no está en la página Rotten Tomatoes
Was du nicht siehst,La pelicula no está en la página Rotten Tomatoes
Love Is Where You Find It 2,No aparece puntuación
Paasamalargal,No aparece puntuación
3's a Couple,No aparece puntuación
Eclíptica Willkommen Mexiko,La pelicula no está en la página Rotten Tomatoes
Letting Go,No aparece puntuación
The Riven,No aparece puntuación
Hobak nar,No aparece puntuación
Tohar Kiriya,La pelicula no está en la página Rotten Tomatoes
Assalamualaikum Calon Imam,No aparece puntuación
Oldzha,La pelicula no está en la página Rotten Tomatoes
Odeio o Dia dos Namorados,No aparece puntuación
About Hope,No aparece puntuación
Unleashed,No aparece puntuación
Romang,No aparece puntuación
Stranger's Arms,La pelicula no está en la página Rotten Tomatoes
Ye man mi ji,No aparece puntuación
Shamoo Tangey Wali,No aparece puntuación
Every Other Holiday,No aparece puntuación
Circle of Friends,78%
A Castle for Christmas,No aparece puntuación
Time Apart,No aparece puntuación
See You Next Christmas,80%
Maine Dil Liya,No aparece puntuación
King of Bidar,No aparece puntuación
Tyger Tyger,No aparece puntuación
Raqeeb,No aparece puntuación
Chinnadana Nee Kosam,No aparece puntuación
Nee Kosam,No aparece puntuación
Nigah Marda Ayi Ve,No aparece puntuación
Rojo: La Película,No aparece puntuación
Love & Teleportation,No aparece puntuación
A Midsummer Night's Dream,No aparece puntuación
HouseSitter,36%
Leviano,"4,5/10"
Rowd,La pelicula no está en la página Rotten Tomatoes
Vera & Giuliano,La pelicula no está en la página Rotten Tomatoes
Higashi no Eden Gekijôban II: Paradise Lost,No aparece puntuación
Love Won't Let Me Wait,No aparece puntuación
Boys Life 3,57%
Valami Amerika,71%
Bride from Outer Space,No aparece puntuación
House Party 3,0%
Letícia,No aparece puntuación
Hitchcock,60%
The Right Click,La pelicula no está en la página Rotten Tomatoes
