,Nombre,Puntuacion
0,Cut!,48%
1,The Soul of Cole (Musical),No aparece puntuación
2,A New Design,No aparece puntuación
3,Good Humor Radio Hour,La pelicula no está en la página Rotten Tomatoes
4,Nagoshi: Summer purification,La pelicula no está en la página Rotten Tomatoes
5,Sick Birds Die Easy,No aparece puntuación
6,Scoop,41%
7,What Lurks Inside,99%
8,Njan Kodiswaran,La pelicula no está en la página Rotten Tomatoes
9,Offing David,"7,9/10"
10,"Inju, la bête dans l'ombre",La pelicula no está en la página Rotten Tomatoes
11,January,No aparece puntuación
12,Curiosity Kills,No aparece puntuación
13,Paradigm 1053: Part One,La pelicula no está en la página Rotten Tomatoes
14,One and the Same,No aparece puntuación
15,Hatya Chakra,No aparece puntuación
16,Levantamuertos,La pelicula no está en la página Rotten Tomatoes
17,Shubho Mahurat,No aparece puntuación
18,Master i Margarita. Roman,"8,3/10"
19,The Hobbit: The Swedolation of Smaug,No aparece puntuación
20,The Road to Trepanation,No aparece puntuación
21,Into the Unknown,No aparece puntuación
22,American Burlesque - The Enigma,La pelicula no está en la página Rotten Tomatoes
23,Bristel Goodman,No aparece puntuación
24,House Hunting,29%
25,Exeter,24%
26,Le Maitre de la Mort,La pelicula no está en la página Rotten Tomatoes
27,A Thoughtful Goodbye,40%
28,Transcendent,19%
29,"Theoretically, an even much more paranoid conspiratorial phone call",No aparece puntuación
30,Mara,17%
31,Prigionieri di un incubo,"3,4/10"
32,The Marionette,75%
33,Weekend in Summer,No aparece puntuación
34,A Filosofia na Alcova,La pelicula no está en la página Rotten Tomatoes
35,Gekijouban Blood-C: The Last Dark,58%
36,Shadow,No aparece puntuación
37,Americano,50%
38,8119 Miles,"6,6/10"
39,Pinbox,La pelicula no está en la página Rotten Tomatoes
40,Blink,No aparece puntuación
41,Karanliktaki Kadin,La pelicula no está en la página Rotten Tomatoes
42,Krasue Valentine,11%
43,Doorway,70%
44,McCanick,13%
45,Hallam Foe,73%
46,Marge Mahi,No aparece puntuación
47,Resolution,80%
48,No-Do,La pelicula no está en la página Rotten Tomatoes
49,Raakavedos 2,No aparece puntuación
50,The Happiest Place on Earth,No aparece puntuación
51,Meitantei Conan: Chinmoku no kuôtâ,La pelicula no está en la página Rotten Tomatoes
52,Dance Til You Bleed: The World According to Hans Christian Andersen,83%
53,Razors: The Return of Jack the Ripper,No aparece puntuación
54,Cold Sun,No aparece puntuación
55,Wenn die Welt uns gehört,No aparece puntuación
56,Joshua Tree,La pelicula no está en la página Rotten Tomatoes
57,Incendies,91%
58,Liu hao chu kou,La pelicula no está en la página Rotten Tomatoes
59,Throwback,22%
60,Shirayuki hime satsujin jiken,La pelicula no está en la página Rotten Tomatoes
61,Vadena,La pelicula no está en la página Rotten Tomatoes
62,Byomkesh Pawrbo,No aparece puntuación
63,The Dooms Chapel Horror,17%
64,Kyulyuk,"5,6/10"
65,I Have Loved,No aparece puntuación
66,Lady in the Water,25%
67,The Mule,No aparece puntuación
68,Static,22%
69,Zion,85%
70,The Killing Jar,0%
71,Ajin Part 1: Shôdô,La pelicula no está en la página Rotten Tomatoes
72,Dorei ichi,La pelicula no está en la página Rotten Tomatoes
73,Pagan Variations,La pelicula no está en la página Rotten Tomatoes
74,The Remaining,60%
75,The Occult Sources,La pelicula no está en la página Rotten Tomatoes
76,L'atelier,La pelicula no está en la página Rotten Tomatoes
77,Deus,19%
78,Kinavally,No aparece puntuación
79,Grimas,La pelicula no está en la página Rotten Tomatoes
80,Nobody,35%
81,Child 44,28%
82,Tunnel Vision,32%
83,Gekijouban Ano hi mita hana no namae wo bokutachi wa mada shiranai.,La pelicula no está en la página Rotten Tomatoes
84,The Family Fang,83%
85,The Dead Girl,76%
86,Murari Babu,No aparece puntuación
87,Ushikoku ni mairu,"2,4/10"
88,Grudge,30%
89,Medias Res,No aparece puntuación
90,Dragon's Egg,No aparece puntuación
91,Vettah,No aparece puntuación
92,Real oni gokko 4,La pelicula no está en la página Rotten Tomatoes
93,The Children of Terra Firma,No aparece puntuación
94,Save Me from Everything,La pelicula no está en la página Rotten Tomatoes
95,Go/Don't Go,No aparece puntuación
96,Lasseter's Bones,88%
97,Queen,82%
98,Seventy-8,La pelicula no está en la página Rotten Tomatoes
99,Day Out of Days,No aparece puntuación
100,Distortion,No aparece puntuación
101,Madam Marmalade no ijô na nazo: Shutsudai hen,La pelicula no está en la página Rotten Tomatoes
102,Hasta que el sol se oculte,La pelicula no está en la página Rotten Tomatoes
103,Claud,La pelicula no está en la página Rotten Tomatoes
104,Otogiriso,28%
105,One More Lie,No aparece puntuación
106,P.O.E.,No aparece puntuación
107,De dødes tjern,La pelicula no está en la página Rotten Tomatoes
108,Pervye na Lune,La pelicula no está en la página Rotten Tomatoes
109,Drowning Mona,29%
110,El coptain,La pelicula no está en la página Rotten Tomatoes
111,Anthony Kaun Hai?,20%
112,Taku-He,No aparece puntuación
113,Room 6,No aparece puntuación
114,The Walker,54%
115,Cagliostro,95%
116,Red Woods,50%
117,The Children,76%
118,Les eaux dormantes,La pelicula no está en la página Rotten Tomatoes
119,Cheezy Science Fiction Vol.1,La pelicula no está en la página Rotten Tomatoes
120,Maboya,La pelicula no está en la página Rotten Tomatoes
121,Meitantei Conan: Ijigen no sunaipâ,La pelicula no está en la página Rotten Tomatoes
122,The Garden,No aparece puntuación
123,I Am All Girls,80%
124,Mera Kaun?,No aparece puntuación
125,Sightings,50%
126,Observance,71%
127,Sky Captain and the World of Tomorrow,71%
128,VARNAMAYA,La pelicula no está en la página Rotten Tomatoes
129,Starry Eyes,75%
130,Fear of Hue: The Movie,No aparece puntuación
131,Sick of it All,No aparece puntuación
132,Sieben Monde,La pelicula no está en la página Rotten Tomatoes
133,Bhoot Returns,36%
134,Who,La pelicula no está en la página Rotten Tomatoes
135,Upurga,La pelicula no está en la página Rotten Tomatoes
136,Knives Out,97%
137,Still,No aparece puntuación
138,Berbalas Kejam,No aparece puntuación
139,Jogo da Memória,90%
140,The Steps with no Name,La pelicula no está en la página Rotten Tomatoes
141,Pari,53%
142,Prey,13%
143,Nowhere Alaska,No aparece puntuación
144,Lañinbwil's Gift,La pelicula no está en la página Rotten Tomatoes
145,Number Game,No aparece puntuación
146,P.I.S.T. (Prokletstvo Ikone Svetog Teodora),"6,2/10"
147,Lucia,45%
148,The Visit,68%
149,We Are the Missing,No aparece puntuación
150,Sebelum Iblis Menjemput,La pelicula no está en la página Rotten Tomatoes
151,Lucky Cat,No aparece puntuación
152,Prism,No aparece puntuación
153,La secta del sargon,La pelicula no está en la página Rotten Tomatoes
154,Saving America's Horses: A Nation Betrayed,No aparece puntuación
155,The Commander's Mortum,La pelicula no está en la página Rotten Tomatoes
156,Reka,La pelicula no está en la página Rotten Tomatoes
157,Iterum,La pelicula no está en la página Rotten Tomatoes
158,Still Waters Go Deep,La pelicula no está en la página Rotten Tomatoes
159,The Carrier,No aparece puntuación
160,Lesser Beasts,No aparece puntuación
161,The Hidden Side of the Things,76%
162,Il segreto degli alberi,La pelicula no está en la página Rotten Tomatoes
163,The Vikings of Oak Island,No aparece puntuación
164,Daddy,29%
165,Badla,63%
166,Jasper Jones,79%
167,Shiberia Chôtokkyû 5,No aparece puntuación
168,Exploding Heads,La pelicula no está en la página Rotten Tomatoes
169,Dragooned,No aparece puntuación
170,The Problem Solver,No aparece puntuación
171,Bad Detective,No aparece puntuación
172,Insidious: The Last Key,No aparece puntuación
173,In Flagrante,No aparece puntuación
174,Il disordine del cuore,La pelicula no está en la página Rotten Tomatoes
175,Ghajini,54%
176,Above and Below,75%
177,Seven Eves,No aparece puntuación
178,Nightmare Box,No aparece puntuación
179,Housemates,La pelicula no está en la página Rotten Tomatoes
180,Brother,87%
181,Mystery World,No aparece puntuación
182,Thorne: Scaredycat,12%
183,Darkness of Day,No aparece puntuación
184,Easter Massacre,No aparece puntuación
185,Unsound,No aparece puntuación
186,The Pretty of Nothing,48%
187,Evolver,No aparece puntuación
188,Masuyama Chounouryokushi jimusho: Gekijouban wa koi no aji,La pelicula no está en la página Rotten Tomatoes
189,Scream at the Devil,29%
190,Khennas,La pelicula no está en la página Rotten Tomatoes
191,Förgät mig ej,"5,8/10"
192,Derelict,No aparece puntuación
193,Fortune Cookie Prophecies,No aparece puntuación
194,G Saat,La pelicula no está en la página Rotten Tomatoes
195,Le coeur de madame Sabali,100%
196,Atlas Shrugged: Part I,No aparece puntuación
197,El impostor,25%
198,Sahkanaga,55%
199,Patient 17,65%
200,Vecas pagastmajas misterija,"6,1/10"
201,House of White Spiders,No aparece puntuación
202,Entre La Niebla,La pelicula no está en la página Rotten Tomatoes
203,The Haunting of Sarcnoia Buttercup,17%
204,Trance,69%
205,Cause of Death,22%
206,Casey's Cleaning,La pelicula no está en la página Rotten Tomatoes
207,Horseface 2: Reverse the Curse,La pelicula no está en la página Rotten Tomatoes
208,Orr Eravuu,No aparece puntuación
209,Nashira Sadachbia,La pelicula no está en la página Rotten Tomatoes
210,Diana,No aparece puntuación
211,Kill 'Em All,12%
212,Shen Ye Pai Dui,No aparece puntuación
213,Where Demons Dwell: The Girl in the Cornfield 2,No aparece puntuación
214,Canal V,La pelicula no está en la página Rotten Tomatoes
215,,
216,Morana,La pelicula no está en la página Rotten Tomatoes
217,72 Ghanta,La pelicula no está en la página Rotten Tomatoes
218,"Ich seh, Ich seh",La pelicula no está en la página Rotten Tomatoes
219,The Possession,No aparece puntuación
220,Butterfly Knives,No aparece puntuación
221,Scream,No aparece puntuación
222,Die Toten reiten schnell,La pelicula no está en la página Rotten Tomatoes
223,Dark Side of the Full Moon,No aparece puntuación
224,Overexposed,No aparece puntuación
225,Termite: The Walls Have Eyes,No aparece puntuación
226,Szatan z siódmej klasy,"4,8/10"
227,The Redeeming,No aparece puntuación
228,Sau Crore,"4,2/10"
229,Ubiquitas the Movie,La pelicula no está en la página Rotten Tomatoes
230,Imbroglio,La pelicula no está en la página Rotten Tomatoes
231,Watchmen,65%
232,Invoked,No aparece puntuación
233,Dead Herring,85%
234,Scrape,No aparece puntuación
235,Under Liberty,No aparece puntuación
236,The Warren,No aparece puntuación
237,Balibo,100%
238,Memory: Manipulated Murder,La pelicula no está en la página Rotten Tomatoes
239,Europa Report,80%
240,Notuku Potu,No aparece puntuación
241,Apparition of Evil,No aparece puntuación
242,The Return of Elias Urquijo,"7,3/10"
243,Hendelyk,La pelicula no está en la página Rotten Tomatoes
244,Putrudu,No aparece puntuación
245,Nejasná zpráva o konci sveta,La pelicula no está en la página Rotten Tomatoes
246,El secreto de sus ojos,La pelicula no está en la página Rotten Tomatoes
247,La divine poursuite,85%
248,Mystic Chords,No aparece puntuación
249,Heyirla sharin raqsi,La pelicula no está en la página Rotten Tomatoes
250,Lighter,No aparece puntuación
251,Vem ska knulla pappa?,La pelicula no está en la página Rotten Tomatoes
252,Manalive,No aparece puntuación
253,Mistéryos,La pelicula no está en la página Rotten Tomatoes
254,Survive Style 5+,93%
255,Misafir,La pelicula no está en la página Rotten Tomatoes
256,Lion,84%
257,Pale Saints,38%
258,Le Voyageur,La pelicula no está en la página Rotten Tomatoes
259,Wrinkles the Clown,No aparece puntuación
260,Iblis dalam Darah,"7,8/10"
261,Vedma,No aparece puntuación
262,Amnesia,No aparece puntuación
263,Reboot,85%
264,Lipton Cockton in the Shadows of Sodoma,La pelicula no está en la página Rotten Tomatoes
265,The Rare Earth Director's Cut,No aparece puntuación
266,Dovepeople,La pelicula no está en la página Rotten Tomatoes
267,The Legend of Action Man,La pelicula no está en la página Rotten Tomatoes
268,Archive,79%
269,Blur,0%
270,Charismata,No aparece puntuación
271,Dabbe: Zehr-i Cin,29%
272,Odd Thomas,38%
273,Seung wan,No aparece puntuación
274,Cyberrun,La pelicula no está en la página Rotten Tomatoes
275,Manhattan Murder Mystery,94%
276,GhostWatcher,22%
277,Meitantei Conan: Konpeki no hitsugi,La pelicula no está en la página Rotten Tomatoes
278,Muoi,La pelicula no está en la página Rotten Tomatoes
279,Baaji,No aparece puntuación
280,EGG.,La pelicula no está en la página Rotten Tomatoes
281,Tayna Slendermena,8%
282,Hung sau wan mei seui,La pelicula no está en la página Rotten Tomatoes
283,Home Safe,La pelicula no está en la página Rotten Tomatoes
284,Johnny Twoshoes,No aparece puntuación
285,Anti Matter,87%
286,Sudden Manhattan,67%
287,Reaptown,No aparece puntuación
288,Meritum,La pelicula no está en la página Rotten Tomatoes
289,"One, Two, Guess Who's Who",La pelicula no está en la página Rotten Tomatoes
290,Addi Tappaa,No aparece puntuación
291,Appu & Gappu International Super Detectives,La pelicula no está en la página Rotten Tomatoes
292,Uaricha en la muerte,La pelicula no está en la página Rotten Tomatoes
293,Fisher,No aparece puntuación
294,Inkfinger,La pelicula no está en la página Rotten Tomatoes
295,Coin,No aparece puntuación
296,Fashion Murder Groove,"9,1/10"
297,The Clairvoyant Fortune,75%
298,Contratiempo,La pelicula no está en la página Rotten Tomatoes
299,The Journey of a Dragonfly,No aparece puntuación
300,Call for Dreams,No aparece puntuación
301,Tu la conosci Claudia?,La pelicula no está en la página Rotten Tomatoes
302,Tenchi Muyô! In Love,86%
303,Dark Web: Descent Into Hell,No aparece puntuación
304,Zamora,No aparece puntuación
305,The Snaker,No aparece puntuación
306,El-Asliyyin,La pelicula no está en la página Rotten Tomatoes
307,Vice,29%
308,The Doubleganger,56%
309,Dialog,No aparece puntuación
310,Where Is Rocky II?,70%
311,The Hollow Child,No aparece puntuación
312,Untraceable,16%
313,Vedma gor,La pelicula no está en la página Rotten Tomatoes
314,No One Could Protect Her,33%
315,Bx46,No aparece puntuación
316,Losers Lounge,No aparece puntuación
317,9/11: Explosive Evidence - Experts Speak Out,La pelicula no está en la página Rotten Tomatoes
318,Diqiu zuihou de yewan,La pelicula no está en la página Rotten Tomatoes
319,Il compleanno,La pelicula no está en la página Rotten Tomatoes
320,O Ornitólogo,87%
321,Tief oben,La pelicula no está en la página Rotten Tomatoes
322,Agent v mini-yubke,La pelicula no está en la página Rotten Tomatoes
323,The Dark,No aparece puntuación
324,Unbound Evil,"6,9/10"
325,Meitantei Conan: Shikkoku no chaser,La pelicula no está en la página Rotten Tomatoes
326,The Confession of Lee Harvey Oswald,No aparece puntuación
327,La ley de Herodes,La pelicula no está en la página Rotten Tomatoes
328,Tumbledown,29%
329,Shadows of the Dead,20%
330,The Casebook of Eddie Brewer,No aparece puntuación
331,Manhattan Nocturne,35%
332,Fun Arrived,No aparece puntuación
333,My Boss is a Serial Killer,83%
334,Kuluçka,La pelicula no está en la página Rotten Tomatoes
335,Alpha Code,29%
336,Euphoria,No aparece puntuación
337,Blindness,No aparece puntuación
338,Masterpiece,No aparece puntuación
339,The Other Side,44%
340,Inside the Goldmine,0%
341,Striking Resemblance,No aparece puntuación
342,Novyy film pro mumiyu,La pelicula no está en la página Rotten Tomatoes
343,The Dark Warrior,No aparece puntuación
344,Enbamingu,25%
345,Supermoto,La pelicula no está en la página Rotten Tomatoes
346,The Ceremony,39%
347,Cold Creek Manor,12%
348,The Gift,No aparece puntuación
349,Night Caller,No aparece puntuación
350,Words to Kill,No aparece puntuación
351,Hamal_18,No aparece puntuación
352,Tully,No aparece puntuación
353,Away,100%
354,Old Strangers,40%
355,Fukigen na kako,La pelicula no está en la página Rotten Tomatoes
356,Dead Air,20%
357,Alpha Delta Zatan,No aparece puntuación
358,Laajool,La pelicula no está en la página Rotten Tomatoes
359,Led Zeppelin Played Here,No aparece puntuación
360,Livestock,No aparece puntuación
361,Plasterhead,15%
362,Basic Instinct 2,6%
363,Meitantei Conan: Seiki matsu no majutsushi,La pelicula no está en la página Rotten Tomatoes
364,Garri Khotter i Lord Obomort,No aparece puntuación
365,Tom's Video,La pelicula no está en la página Rotten Tomatoes
366,Presence,No aparece puntuación
367,ISRA 88,0%
368,Night at the Eagle Inn,83%
369,Loving Vincent,84%
370,The Manor,62%
371,A Question of Trust,No aparece puntuación
372,Texas Robbery,50%
373,Kolobos,60%
374,L'appartement,La pelicula no está en la página Rotten Tomatoes
375,Gui ai,La pelicula no está en la página Rotten Tomatoes
376,Harmony's Requiem,La pelicula no está en la página Rotten Tomatoes
377,Qing Tian Xiang Yao Lu,No aparece puntuación
378,Malice: Origin,No aparece puntuación
379,Wish You Were Here,No aparece puntuación
380,Dhund: The Fog,60%
381,The Night of the Wild Boar,No aparece puntuación
382,Brother's Keeper,100%
383,Wiped,La pelicula no está en la página Rotten Tomatoes
384,Yi ngoi,La pelicula no está en la página Rotten Tomatoes
385,The Kidnapping of Paul Griddel,La pelicula no está en la página Rotten Tomatoes
386,The Trial,27%
387,Te esperaré,La pelicula no está en la página Rotten Tomatoes
388,London River,91%
389,Blue of Noon,La pelicula no está en la página Rotten Tomatoes
390,Nawa deka,La pelicula no está en la página Rotten Tomatoes
391,Fazbear's Fright: The Fan Film,La pelicula no está en la página Rotten Tomatoes
392,Geomeun hwipalam,La pelicula no está en la página Rotten Tomatoes
393,A Broken Ladder,No aparece puntuación
394,Trupti: Gujarati,La pelicula no está en la página Rotten Tomatoes
395,Aswad Ghameq,La pelicula no está en la página Rotten Tomatoes
396,Naanayam,No aparece puntuación
397,Vedanti,No aparece puntuación
398,Candy's Room: Soleil Noir,La pelicula no está en la página Rotten Tomatoes
399,Sardari's Enigma,73%
400,Alice: The Darkest Hour,84%
401,Nulllinie,La pelicula no está en la página Rotten Tomatoes
402,Christmas in Wonderland,0%
403,9 mois ferme,La pelicula no está en la página Rotten Tomatoes
404,New York November,No aparece puntuación
405,Lo siniestro,63%
406,Il bambino di vetro: The Son,No aparece puntuación
407,Touch of the Blue Crocodile,La pelicula no está en la página Rotten Tomatoes
408,Skullz,No aparece puntuación
409,Rise of the Omen,No aparece puntuación
410,See How They Run,74%
411,Mutt,No aparece puntuación
412,Karisuma,76%
413,Wish Upon,19%
414,Bloody Crayons,30%
415,Fade to Black: The Trigger Effect,29%
416,Ghost Rockets,"7,2/10"
417,Revolution 2012,67%
418,Rungholt,La pelicula no está en la página Rotten Tomatoes
419,The Shadow People,17%
420,Anime,La pelicula no está en la página Rotten Tomatoes
421,Knorx,La pelicula no está en la página Rotten Tomatoes
422,Hotdog Estate,No aparece puntuación
423,El expediente Belchite,No aparece puntuación
424,Vanished,No aparece puntuación
425,Inescapable,17%
426,Wicker Park,27%
427,Pengin haiwei,100%
428,The Mark,No aparece puntuación
429,Droomkind,La pelicula no está en la página Rotten Tomatoes
430,Bewilderment,No aparece puntuación
431,Sotvorenie Adama,La pelicula no está en la página Rotten Tomatoes
432,Omadox,La pelicula no está en la página Rotten Tomatoes
433,Niagara's Most Haunted Mansions,La pelicula no está en la página Rotten Tomatoes
434,Roedores,La pelicula no está en la página Rotten Tomatoes
435,Jagga Jasoos,83%
436,L'humanité,No aparece puntuación
437,Vidocq,65%
438,Molecules Multiply,No aparece puntuación
439,"Land of Tiger, Tide & Arabian Goddess",La pelicula no está en la página Rotten Tomatoes
440,The Impossible Murder,No aparece puntuación
441,Ermon County: Gateway of the Fallen,La pelicula no está en la página Rotten Tomatoes
442,Enduring Love,59%
443,Ejdeha Vared Mishavad!,La pelicula no está en la página Rotten Tomatoes
444,The Ring,71%
445,Within,No aparece puntuación
446,Super Troopers 2,No aparece puntuación
447,La comunidad,La pelicula no está en la página Rotten Tomatoes
448,Drawers,No aparece puntuación
449,Still Life,No aparece puntuación
450,All That Glitters,46%
451,Ava's Possessions,69%
452,Annabellum: The Curse of Salem,55%
453,The Watcher,No aparece puntuación
454,Gekijouban Naruto: Buraddo purizun,La pelicula no está en la página Rotten Tomatoes
455,Die Tochter,La pelicula no está en la página Rotten Tomatoes
456,Ne Gelen Var Ne Giden...,La pelicula no está en la página Rotten Tomatoes
457,Zamaanat: And Justice for All,No aparece puntuación
458,The Radiant One,No aparece puntuación
459,Ballet Blanc,No aparece puntuación
460,The Missing,No aparece puntuación
461,Astonished,No aparece puntuación
462,Re xue xing jing,No aparece puntuación
463,Children of Providence,No aparece puntuación
464,Midnight in the Garden of Good and Evil,50%
465,100 Acres of Hell,No aparece puntuación
466,Awoken,32%
467,Train Station,95%
468,Ga-myeon,La pelicula no está en la página Rotten Tomatoes
469,Kod Adi K.O.Z.,"1,7/10"
470,The Wind,14%
471,A Dark Place,62%
472,Aame Yevaru,No aparece puntuación
473,The Hushed Music,La pelicula no está en la página Rotten Tomatoes
474,The Boogeyman,60%
475,Hank Danger and the Riddle Mountain Curse!,La pelicula no está en la página Rotten Tomatoes
476,Paradise Lost,75%
477,Secuestrados,La pelicula no está en la página Rotten Tomatoes
478,Mystery A Truth,No aparece puntuación
479,Under Cover of Darkness,No aparece puntuación
480,TWINS IN CRIME,No aparece puntuación
481,Cha wu ci ren,La pelicula no está en la página Rotten Tomatoes
482,Mara,28%
483,Night Hunters,La pelicula no está en la página Rotten Tomatoes
484,"1 Dead man, 6 Suspects, $65 Million","2,9/10"
485,Dear DIEry,70%
486,Mr. X,50%
487,House of Secrets,No aparece puntuación
488,L'école de la chair,La pelicula no está en la página Rotten Tomatoes
489,Trigger Point,38%
490,Franz Otto Ultimate Highballer,No aparece puntuación
491,H8RZ,50%
492,The Man from Rome,La pelicula no está en la página Rotten Tomatoes
493,The Mysterious Events at the Lawrence Estate,La pelicula no está en la página Rotten Tomatoes
494,Science Fiction,La pelicula no está en la página Rotten Tomatoes
495,Death Tale,La pelicula no está en la página Rotten Tomatoes
496,Untitled,64%
497,The Secret Garden,No aparece puntuación
498,Dead by Dawn,No aparece puntuación
499,Yu wu mo ying,La pelicula no está en la página Rotten Tomatoes
500,The Cover Up,No aparece puntuación
501,2012 Countdown,No aparece puntuación
502,Beneath Beauty,La pelicula no está en la página Rotten Tomatoes
503,Hanra honban: Joshidaisei bôkô-hen,No aparece puntuación
504,Desires of the Heart,No aparece puntuación
505,Shena-ye Parvaneh,No aparece puntuación
506,Ya-gwan-mun: Yok-mang-ui-Kkot,La pelicula no está en la página Rotten Tomatoes
507,Doolyville,La pelicula no está en la página Rotten Tomatoes
508,Tickled,94%
509,Gekijouban Steins;Gate: Fuka ryouiki no dejavu,La pelicula no está en la página Rotten Tomatoes
510,Lihim,No aparece puntuación
511,Rehearsal Day,95%
512,Joseon myungtamjung: Gakshituku ggotui biil,La pelicula no está en la página Rotten Tomatoes
513,Vergo,La pelicula no está en la página Rotten Tomatoes
514,Chigireta ai no satsujin,La pelicula no está en la página Rotten Tomatoes
515,The Longest Night,100%
516,The Retreat,71%
517,Karakter,92%
518,Before and After,32%
519,La scatola rossa: Doppelganger - Episodio 2,La pelicula no está en la página Rotten Tomatoes
520,Jack the Detective: The Movie,La pelicula no está en la página Rotten Tomatoes
521,Werewolves of the Third Reich,21%
522,Marrowbone,No aparece puntuación
523,Manigances: Notice Rouge,No aparece puntuación
524,Don't Sleep Alone,No aparece puntuación
525,Now You See Me,No aparece puntuación
526,Do You Wanna Know a Secret?,18%
527,Ebar Shabor,No aparece puntuación
528,Shehjar,La pelicula no está en la página Rotten Tomatoes
529,Neidentificat,80%
530,The Clearing,43%
531,Ruby Cairo,27%
532,Trans,No aparece puntuación
533,Time Teens: The Beginning,No aparece puntuación
534,Diary of a misfit,La pelicula no está en la página Rotten Tomatoes
535,Virus,12%
536,Thou Wast Mild and Lovely,75%
537,Tin & Tina,50%
538,Body,61%
539,Le deuxième souffle,La pelicula no está en la página Rotten Tomatoes
540,Khara d'ay,La pelicula no está en la página Rotten Tomatoes
541,Just Dance 3: The Last Year,No aparece puntuación
542,Psycho Beach Party,54%
543,Lions for Lambs,27%
544,Zeroville,23%
545,Shadow Dancer,84%
546,Kai as buvau partizanas,La pelicula no está en la página Rotten Tomatoes
547,The Curse of Downers Grove,8%
548,Órfãos do Eldorado,49%
549,Chasing Ghosts,36%
550,Shivers Down Your Spine,No aparece puntuación
551,Huntsman 5.1,No aparece puntuación
552,Tower Phi,67%
553,Eiga: Kakegurui,No aparece puntuación
554,Txt,71%
555,Zygosity,La pelicula no está en la página Rotten Tomatoes
556,Hell Hole,57%
557,Eden Lodge,No aparece puntuación
558,Scooby-Doo & Batman: The Brave and the Bold,92%
559,Judgemental,No aparece puntuación
560,"Good Mourning, Lucille",No aparece puntuación
561,Sweet My Home,No aparece puntuación
562,Sherlock Holmes,65%
563,Senki,La pelicula no está en la página Rotten Tomatoes
564,Dr. M,38%
565,Netrikann,No aparece puntuación
566,Trail to the Reservoir,La pelicula no está en la página Rotten Tomatoes
567,Yin-Yang Master I,76%
568,Whatnot: Search for Answers,La pelicula no está en la página Rotten Tomatoes
569,Illir Andar,La pelicula no está en la página Rotten Tomatoes
570,City of Lies,51%
571,Le Challat de Tunis,No aparece puntuación
572,The Sixth Sense,86%
573,Not-So-Super Girl,88%
574,Rû=garû,La pelicula no está en la página Rotten Tomatoes
575,Yasujiro no Jinsei,No aparece puntuación
576,Return,No aparece puntuación
577,Voodoo Man,10%
578,Truth About Kerry,33%
579,Broken Heart Land,No aparece puntuación
580,Now It's Dark,No aparece puntuación
581,La Cordillera,La pelicula no está en la página Rotten Tomatoes
582,The Secret Path,50%
583,Frozen with Fear,No aparece puntuación
584,Joh-eun-nal,La pelicula no está en la página Rotten Tomatoes
585,Solitaire,No aparece puntuación
586,Connie,No aparece puntuación
587,In the End,No aparece puntuación
588,[Rec],90%
589,Sow,La pelicula no está en la página Rotten Tomatoes
590,Muppets Most Wanted,No aparece puntuación
591,Submission,51%
592,Between the Trees,12%
593,Ayollar saltanaty,La pelicula no está en la página Rotten Tomatoes
594,The Empty Tomb: Mysteries of the Giza Plateau,La pelicula no está en la página Rotten Tomatoes
595,Beneath Glass Trees,No aparece puntuación
596,House of 9,36%
597,The Pyramid Of The Sun,No aparece puntuación
598,Seventy-Nine,No aparece puntuación
599,Yanka y el espíritu del volcán,No aparece puntuación
600,The Lost End,No aparece puntuación
601,Ausencia,No aparece puntuación
602,The SocialPath,93%
603,Dhol,51%
604,Tokyo Yamimushi Part II,La pelicula no está en la página Rotten Tomatoes
605,Six-X,La pelicula no está en la página Rotten Tomatoes
606,Naufragio,La pelicula no está en la página Rotten Tomatoes
607,Sympathy,68%
608,Narcosis,60%
609,Los materiales,No aparece puntuación
610,Telmisseomding,No aparece puntuación
611,Fading of the Cries,0%
612,Honogurai mizu no soko kara,La pelicula no está en la página Rotten Tomatoes
613,The City That Never Sleeps,No aparece puntuación
614,Forced Perspective,100%
615,Vanitas,No aparece puntuación
616,Bellclair Times,No aparece puntuación
617,A Kiss Before Dying,36%
618,Loopandaav,La pelicula no está en la página Rotten Tomatoes
619,The Commitment,29%
620,Goddess of Love,33%
621,Bullfrog: Hero of Enigma,La pelicula no está en la página Rotten Tomatoes
622,Khashm Va Hayahoo,La pelicula no está en la página Rotten Tomatoes
623,Kahaani,100%
624,The Waiter,67%
625,Date with the Elicpse,76%
626,Wo shi zheng ren,La pelicula no está en la página Rotten Tomatoes
627,Zift,72%
628,The Curse of Sleeping Beauty,No aparece puntuación
629,The Harvest,72%
630,Danse Macabre,No aparece puntuación
631,Snowman Never Sleeps,La pelicula no está en la página Rotten Tomatoes
632,Get Low,85%
633,And Soon the Darkness,17%
634,Saint Ange,24%
635,Interview with a Hitman,44%
636,Daikanyama monogatari - tantei tanjo,La pelicula no está en la página Rotten Tomatoes
637,Horror in the Attic,La pelicula no está en la página Rotten Tomatoes
638,Accused at 17,41%
639,Blink,No aparece puntuación
640,The Abductress,La pelicula no está en la página Rotten Tomatoes
641,Redrum,No aparece puntuación
642,Monky,No aparece puntuación
643,"Internet, fais-moi peur!",La pelicula no está en la página Rotten Tomatoes
644,Prism,14%
645,Berenice,No aparece puntuación
646,Room for Rent,88%
647,The Seventh Page - Monochrome,La pelicula no está en la página Rotten Tomatoes
648,Crossdressed,La pelicula no está en la página Rotten Tomatoes
649,"Silent Night, Bloody Night 3",8%
650,The Unsaid,72%
651,Kabhi Kahin...,La pelicula no está en la página Rotten Tomatoes
652,The Human Preservation Project,No aparece puntuación
653,Halvai 5-0,4/10
654,St. Marysile Kolapathakam,"4,9/10"
655,Airborne,18%
656,Cut,No aparece puntuación
657,Rafa,La pelicula no está en la página Rotten Tomatoes
658,Repeaters,20%
659,Vikrant Rona,40%
660,Khon len khong,La pelicula no está en la página Rotten Tomatoes
661,Antebellum,31%
662,The Song,31%
663,Made in China,No aparece puntuación
664,Thadam,No aparece puntuación
665,DranDeh (another story from Saeed Shad),La pelicula no está en la página Rotten Tomatoes
666,The General's Daughter,No aparece puntuación
667,Ai Ai Gasa,La pelicula no está en la página Rotten Tomatoes
668,The Hands of a Madman,No aparece puntuación
669,Krieg,No aparece puntuación
670,Broken Horses,25%
671,The Fated Assemblage of Dr. Malvagio,La pelicula no está en la página Rotten Tomatoes
672,Gwai wik,La pelicula no está en la página Rotten Tomatoes
673,I Am Cursed,No aparece puntuación
674,Di Renjie zhi duo ming qi xiang,"5,6/10"
675,Ghost Hunt,No aparece puntuación
676,Victoria No. 203: Diamonds Are Forever,No aparece puntuación
677,Sfinga,La pelicula no está en la página Rotten Tomatoes
678,Last Passenger,86%
679,Big House,No aparece puntuación
680,The Limey,92%
681,Southern Fried Bigfoot,No aparece puntuación
682,Writer - A Mysterious Mind,No aparece puntuación
683,Alone in the Dead of Night,60%
684,Belphégor - Le fantôme du Louvre,26%
685,Ocean City Monster Building,No aparece puntuación
686,Bu su lai ke,La pelicula no está en la página Rotten Tomatoes
687,Porndemic,60%
688,The Witches,No aparece puntuación
689,The Quarry,No aparece puntuación
690,Vegas Stories: 2 the Hard Way,No aparece puntuación
691,Unmasked,La pelicula no está en la página Rotten Tomatoes
692,Ala Guththeti,La pelicula no está en la página Rotten Tomatoes
693,SheChotic,No aparece puntuación
694,Meitantei Conan: Tenkuu no rosuto shippu,No aparece puntuación
695,Baskin,80%
696,Die Farbe,La pelicula no está en la página Rotten Tomatoes
697,Adversary: Wanted Dead or Alive,45%
698,Aisha and Rahul,82%
699,Recalled,No aparece puntuación
700,Like Blood,No aparece puntuación
701,Death of a Girlfriend,No aparece puntuación
702,Frame 313: The JFK Assassination Theories,60%
703,Gaslight,No aparece puntuación
704,A Twist of Date,No aparece puntuación
705,Proie,No aparece puntuación
706,Finché c'è Prosecco c'è speranza,La pelicula no está en la página Rotten Tomatoes
707,"Sex, Lives & Videotape",96%
708,City Strays,54%
709,What a Carve Up!,62%
710,Storage,No aparece puntuación
711,The Mercy,74%
712,Dark Encounter,71%
713,Witchboard 2: The Devil's Doorway,25%
714,Blood on Méliès' Moon,No aparece puntuación
715,Sannhetens løgn,La pelicula no está en la página Rotten Tomatoes
716,Death & Rejection,No aparece puntuación
717,La Secta,No aparece puntuación
718,Mon seung,La pelicula no está en la página Rotten Tomatoes
719,Within,25%
720,West of Thunder,92%
721,Murder at 1600,32%
722,Paragon School for Girls,"6,2/10"
723,Passengers,No aparece puntuación
724,Winter Spirits,No aparece puntuación
725,Disrupted Expectations 1: A Waiting Game,La pelicula no está en la página Rotten Tomatoes
726,New Rose Hotel,24%
727,Below the Fold,100%
728,Oscar,La pelicula no está en la página Rotten Tomatoes
729,Shanghai Blue,4%
730,Icon of Betrayal,No aparece puntuación
731,Deception,11%
732,Sherlock Holmes: The Dancing Men,La pelicula no está en la página Rotten Tomatoes
733,Shekarchi Ensan,La pelicula no está en la página Rotten Tomatoes
734,Der Film deines Lebens,"6,7/10"
735,Bubble,72%
736,Tarot,No aparece puntuación
737,Safehouse,46%
738,Autumn Road,No aparece puntuación
739,Mallika,No aparece puntuación
740,A Dark Song,91%
741,Môryô no hako,"5,3/10"
742,Nebyt dnesni,La pelicula no está en la página Rotten Tomatoes
743,Shadow Gene,No aparece puntuación
744,Jindabyne,65%
745,Amber Alert,36%
746,Aaaadat Nemikonim,La pelicula no está en la página Rotten Tomatoes
747,Widow's Point,No aparece puntuación
748,Psychic Snakebite,No aparece puntuación
749,Sooe Tafahom,La pelicula no está en la página Rotten Tomatoes
750,The Other Side,No aparece puntuación
751,Forgotten,No aparece puntuación
752,Jelger de Goochelaar en de Poppenheks,No aparece puntuación
753,Caribe,No aparece puntuación
754,Prezít svuj zivot (teorie a praxe),La pelicula no está en la página Rotten Tomatoes
755,Nayak Nuhen Khalanayak,"4,8/10"
756,The Invisible,20%
757,Chikan densha: Tsûkin nuregoto-shi,No aparece puntuación
758,The Falling Prey,La pelicula no está en la página Rotten Tomatoes
759,Madoc,La pelicula no está en la página Rotten Tomatoes
760,Winnie Pooh Blood and Thunder,No aparece puntuación
761,Madhura Nagarilo,No aparece puntuación
762,I Know What You Did Last Summer,45%
763,The Midnight Matinee,No aparece puntuación
764,Meridian,No aparece puntuación
765,Emanuelle in Sin City,No aparece puntuación
766,Omega.exe,No aparece puntuación
767,Mercy Black,45%
768,The Soft Kill,33%
769,Abu Kaliya,No aparece puntuación
770,Minutes to Midnight,8%
771,Destroy all humans the movie,No aparece puntuación
772,Jinn,91%
773,The Girl in the Cornfield,60%
774,Tsuioku,La pelicula no está en la página Rotten Tomatoes
775,Super 8,81%
776,The Fourth Sunrise,No aparece puntuación
777,Gothika,No aparece puntuación
778,Blue Ridge,69%
779,The Bad Nun,No aparece puntuación
780,Kashf hesab,"4,7/10"
781,Kuso Mitaina Eiga,La pelicula no está en la página Rotten Tomatoes
782,Shivering Inside,No aparece puntuación
783,The International,58%
784,A Canterbury Tale,93%
785,Kuttanpillayude Sivarathri,No aparece puntuación
786,The Invited,29%
787,Without a Walking stick,No aparece puntuación
788,iMurders,14%
789,Right Yaaa Wrong,36%
790,Bez obratnogo adresa,La pelicula no está en la página Rotten Tomatoes
791,The Call of Cthulhu,100%
792,Nine Dead,29%
793,Spectres,36%
794,Jo-seon-myeong-tamjeong: Heupyeolgoemaui bimil,La pelicula no está en la página Rotten Tomatoes
795,Ajnabee,51%
796,Crawlspace,20%
797,Open the Coffin,No aparece puntuación
798,Yeh Lamhe Judaai Ke,No aparece puntuación
799,Marea Baja,La pelicula no está en la página Rotten Tomatoes
800,Tigisti,No aparece puntuación
801,Cursed Mist,73%
802,The Price of a Dream,No aparece puntuación
803,Sarvanaam,La pelicula no está en la página Rotten Tomatoes
804,Deception,53%
805,Chîmu bachisuta no eikô,La pelicula no está en la página Rotten Tomatoes
806,Seconds,No aparece puntuación
807,The Deep End,82%
808,Deai ga tarinai watashitachi,La pelicula no está en la página Rotten Tomatoes
809,Sôseiji,La pelicula no está en la página Rotten Tomatoes
810,Die Lehrerin,La pelicula no está en la página Rotten Tomatoes
811,Delirium,0%
812,Ironheart,20%
813,Annabelle Hooper and the Ghosts of Nantucket,57%
814,Crimson Noir,No aparece puntuación
815,Paranormal Activity,No aparece puntuación
816,"Komm, süsser Tod",La pelicula no está en la página Rotten Tomatoes
817,Unfriended,62%
818,The Last Days of Bablo,La pelicula no está en la página Rotten Tomatoes
819,Gan-gi-nam,La pelicula no está en la página Rotten Tomatoes
820,Tidbits of Terror II,No aparece puntuación
821,Matar a Dios,71%
822,Arvéd,"5,7/10"
823,Malgré la nuit,No aparece puntuación
824,De Patrick,No aparece puntuación
825,Mardi dar ayene,La pelicula no está en la página Rotten Tomatoes
826,"Patu, the legend",La pelicula no está en la página Rotten Tomatoes
827,Thr3e,5%
828,Khafegi,La pelicula no está en la página Rotten Tomatoes
829,Hunting Buddies,No aparece puntuación
830,Therapy,No aparece puntuación
831,Akharin Bar Key Sahar Ra Didi,No aparece puntuación
832,Shadow of Truth,No aparece puntuación
833,Lost in Time in the Faroe Islands,La pelicula no está en la página Rotten Tomatoes
834,Mo gong mei ying,La pelicula no está en la página Rotten Tomatoes
835,El Rastro de los 5,La pelicula no está en la página Rotten Tomatoes
836,Bad Times at the El Royale,75%
837,Paranormal,80%
838,Santa Claus: A Terrible Tale,La pelicula no está en la página Rotten Tomatoes
839,Qatil Nigahen,No aparece puntuación
840,Écoute le temps,La pelicula no está en la página Rotten Tomatoes
841,Longchamps,La pelicula no está en la página Rotten Tomatoes
842,Glass Eyes,La pelicula no está en la página Rotten Tomatoes
843,Subimago,La pelicula no está en la página Rotten Tomatoes
844,Crow,84%
845,The Other Side of the Tracks,50%
846,Pestilenz,No aparece puntuación
847,Yellow River Christmas,No aparece puntuación
848,Sa ilalim ng cogon,No aparece puntuación
849,Monkey Beach,40%
850,The Cold and the Quiet,No aparece puntuación
851,Cam,93%
852,Bad Kids Go to Hell,44%
853,Three the Movie,No aparece puntuación
854,Foreshadow,No aparece puntuación
855,A Tale of a Day & a Night,No aparece puntuación
856,Bliss,87%
857,Hall,80%
858,37,La pelicula no está en la página Rotten Tomatoes
859,La neige au village,La pelicula no está en la página Rotten Tomatoes
860,Black Glove,No aparece puntuación
861,Kôryo-shibônin,La pelicula no está en la página Rotten Tomatoes
862,Roadside,29%
863,Paharganj,No aparece puntuación
864,Réquiem del 92,No aparece puntuación
865,The Thing on the Doorstep,9%
866,Trump Card,76%
867,Unknown,No aparece puntuación
868,Athiran,No aparece puntuación
869,Edge of Dawn,No aparece puntuación
870,Adventures of an Earthling,No aparece puntuación
871,The Sadist,No aparece puntuación
872,Scarecrow,No aparece puntuación
873,Drácula de Denise Castro,No aparece puntuación
874,The Jester's Plane: A Curious Journey Down the Rabbithole,"7,8/10"
875,Angels Never Cry,No aparece puntuación
876,Dead Voices,No aparece puntuación
877,"Hvítur, hvítur dagur",La pelicula no está en la página Rotten Tomatoes
878,The Return of Alan Strange,No aparece puntuación
879,Qaranliq,La pelicula no está en la página Rotten Tomatoes
880,Night and a Switchblade,La pelicula no está en la página Rotten Tomatoes
881,Silent Cry,75%
882,¿Y ... dónde está el muerto?,La pelicula no está en la página Rotten Tomatoes
883,M.O.Zh.,La pelicula no está en la página Rotten Tomatoes
884,Valayam,No aparece puntuación
885,Tantei monogatari,La pelicula no está en la página Rotten Tomatoes
886,"Turk Diamond, P.I.",63%
887,Ne valyay duraka,La pelicula no está en la página Rotten Tomatoes
888,Dimensions of Failure,La pelicula no está en la página Rotten Tomatoes
889,Projection,No aparece puntuación
890,Saab Story,La pelicula no está en la página Rotten Tomatoes
891,Psychology: Islamic Dristikon,La pelicula no está en la página Rotten Tomatoes
892,Milwood,No aparece puntuación
893,National Treasure,No aparece puntuación
894,La leyenda del águila,La pelicula no está en la página Rotten Tomatoes
895,Riyû,79%
896,Olbbaemi,La pelicula no está en la página Rotten Tomatoes
897,Chapter III,La pelicula no está en la página Rotten Tomatoes
898,Dao Meng Mei Ying,La pelicula no está en la página Rotten Tomatoes
899,The Break-In,11%
900,Reaching Distance,100%
901,Jojoen,La pelicula no está en la página Rotten Tomatoes
902,Taste of Desperation,No aparece puntuación
903,The Ballad of Buster Scruggs,89%
904,Oru Abhibhashakante Case Diary,No aparece puntuación
905,Paralyzing Agent,La pelicula no está en la página Rotten Tomatoes
906,Lady Blues,No aparece puntuación
907,Separate Lives,23%
908,Subway Song,67%
909,Guai tan: Mo jing,La pelicula no está en la página Rotten Tomatoes
910,Random: It's a Small Town Thing,La pelicula no está en la página Rotten Tomatoes
911,Yao ye hui lang,La pelicula no está en la página Rotten Tomatoes
912,The Attack,86%
913,The Sonata,48%
914,Mørke,51%
915,Here One Minute,No aparece puntuación
916,Yurigokoro,No aparece puntuación
917,Ten Eleven O Two,La pelicula no está en la página Rotten Tomatoes
918,Jonathan,38%
919,Queen Rising,La pelicula no está en la página Rotten Tomatoes
920,Kommissar Taler,La pelicula no está en la página Rotten Tomatoes
921,The Child of Plomo,"6,5/10"
922,Darkness of Otherwhere,La pelicula no está en la página Rotten Tomatoes
923,Omega,No aparece puntuación
924,Auhaam,La pelicula no está en la página Rotten Tomatoes
925,Judge,48%
926,Weenie Roast Massacre,No aparece puntuación
927,Tintorettor Jishu,La pelicula no está en la página Rotten Tomatoes
928,Wang pai,La pelicula no está en la página Rotten Tomatoes
929,Hypnotic,24%
930,A Ilha dos Sonhos,La pelicula no está en la página Rotten Tomatoes
931,Body Cam,43%
932,Marienthal: State of Emergency,27%
933,The Psychiatrist: Session Begins,La pelicula no está en la página Rotten Tomatoes
934,Wild Blue Moon,20%
935,Buried,No aparece puntuación
936,Labyrinth,40%
937,Baba Kalyani,0%
938,Where's My Stuff,No aparece puntuación
939,Tehran Rozegar-e No,La pelicula no está en la página Rotten Tomatoes
940,Transference: Escape the Dark,0%
941,Dagon,69%
942,Kiekeboe: Het witte bloed,"4,3/10"
943,Doubt,79%
944,HP Loves Cats,La pelicula no está en la página Rotten Tomatoes
945,Samarpanam,No aparece puntuación
946,Complot internacional antilatinoamericano KKKK,No aparece puntuación
947,Abrakadabra,No aparece puntuación
948,Stranger's Arms,La pelicula no está en la página Rotten Tomatoes
949,Wajahh: A Reason to Kill,No aparece puntuación
950,Tibi,La pelicula no está en la página Rotten Tomatoes
951,Jian cha nu lang,"4,5/10"
952,Über Stock und Stein - Es steht ein Baum im Odenwald,La pelicula no está en la página Rotten Tomatoes
953,Scream,No aparece puntuación
954,Leaves of the Tree,No aparece puntuación
955,Solo Para Tus Ojos,La pelicula no está en la página Rotten Tomatoes
956,The Town That Dreaded Sundown,66%
957,Robin Hood: Ghosts of Sherwood,3%
958,Farm House,No aparece puntuación
959,Bardo,La pelicula no está en la página Rotten Tomatoes
960,An Human,No aparece puntuación
961,El alquimista impaciente,La pelicula no está en la página Rotten Tomatoes
962,Radius,No aparece puntuación
963,Hamlet_X,No aparece puntuación
964,Andalus,La pelicula no está en la página Rotten Tomatoes
965,The Wisteria Manor,9/10
966,Snake Eyes,43%
967,One More Photo Please,No aparece puntuación
968,Serial Killer,No aparece puntuación
969,Anja - Real Love Girl,La pelicula no está en la página Rotten Tomatoes
970,Lucid,No aparece puntuación
971,Mugunghwaggoti pieotseubnida,La pelicula no está en la página Rotten Tomatoes
972,Don't Blink,21%
973,Kaboom,59%
974,Ji yi da shi,La pelicula no está en la página Rotten Tomatoes
975,In-peul-loo-eon-seu,"5,7/10"
976,Xian shi shi tiao he liu,No aparece puntuación
977,The Interpreter,58%
978,Cover Me,No aparece puntuación
979,Boiúna de Prata,La pelicula no está en la página Rotten Tomatoes
980,The Droving,14%
981,Cellar Door,83%
982,Caché,89%
983,Kometen,No aparece puntuación
984,Leviano,"4,5/10"
985,Yi yan huan yan,La pelicula no está en la página Rotten Tomatoes
986,Ringu 2,No aparece puntuación
987,Skumringslandet,La pelicula no está en la página Rotten Tomatoes
988,Flesh and Bone,65%
989,While Waiting for Godot,67%
990,Side Effects,La pelicula no está en la página Rotten Tomatoes
991,What Is the Noise at This Time? (Enna Satham Indha Neram),"4,3/10"
992,Auxiliary Ego,La pelicula no está en la página Rotten Tomatoes
993,Waschmaschinen-Impressionen,La pelicula no está en la página Rotten Tomatoes
994,Homunculus,No aparece puntuación
995,Badges of Fury,23%
996,The Trial,80%
997,A Passion to Kill,0%
998,Pelon maantiede,"5,4/10"
999,Two on the Lam,No aparece puntuación
