,0,1
0,The Water Horse,74%
1,Heartless,77%
2,Kaijuu Girls Kuro: Ultra Kaijuu Gijinka Keikaku,"6,5/10"
3,Mistress Superior,No aparece puntuación
4,The Wish,58%
5,Alicia en el país de María,33%
6,Firstborn,19%
7,Strange World,La pelicula no está en la página Rotten Tomatoes
8,Hotarubi no mori e,La pelicula no está en la página Rotten Tomatoes
9,Left Behind,0%
10,Being John Malkovich,94%
11,Machete: Istatwang buhay,No aparece puntuación
12,Forsaken,41%
13,Koothara,No aparece puntuación
14,Malenkiy prints,La pelicula no está en la página Rotten Tomatoes
15,To Catch a Star,No aparece puntuación
16,Alien Dreamtime,"8,4/10"
17,Uruudoshi no shoujo,La pelicula no está en la página Rotten Tomatoes
18,Omoi nokoshi,La pelicula no está en la página Rotten Tomatoes
19,Shaye & Kiki,La pelicula no está en la página Rotten Tomatoes
20,Senluo,La pelicula no está en la página Rotten Tomatoes
21,Na Ribas,La pelicula no está en la página Rotten Tomatoes
22,Hum Panchi Ek Daal Ke,La pelicula no está en la página Rotten Tomatoes
23,What's on Robinson's Mind,La pelicula no está en la página Rotten Tomatoes
24,Ai wa kaze no gotoku,La pelicula no está en la página Rotten Tomatoes
25,Ghost Rider,No aparece puntuación
26,Lian ai zhong de Bao Bei,La pelicula no está en la página Rotten Tomatoes
27,Takeshis',40%
28,Sirens of New Britannia,92%
29,Wiro Sableng 212,La pelicula no está en la página Rotten Tomatoes
30,Moments of Love,76%
31,Terumae romae,46%
32,A Thing Of Magic,No aparece puntuación
33,Wolfwalkers,99%
34,Night of the Demons 2,80%
35,Dead Cameraman,La pelicula no está en la página Rotten Tomatoes
36,Silveraven,22%
37,Ghosts of Girlfriends Past,No aparece puntuación
38,Pulse 4514,86%
39,Chun Qiu Fengshen,La pelicula no está en la página Rotten Tomatoes
40,When Stars Align,No aparece puntuación
41,Anselmi - nuori ihmissusi,La pelicula no está en la página Rotten Tomatoes
42,The Poorhouse Revisited,"6,6/10"
43,Xi you ji zhi: Sun Wukong san da Baigu Jing,La pelicula no está en la página Rotten Tomatoes
44,Gekijôban poketto monsutâ: Daiyamondo & pâru purachina - Aruseusu chôkoku no jikû e,La pelicula no está en la página Rotten Tomatoes
45,Extreme Boy - Eterna,La pelicula no está en la página Rotten Tomatoes
46,Jole Jongole,"6,5/10"
47,Mirrormask,54%
48,Hyakunichi no Setsuna: Kindan no koi,La pelicula no está en la página Rotten Tomatoes
49,Kamen Rider Gaimu Soccer Daikessen Ohgon no Kajitsu Sôdatsusen,No aparece puntuación
50,Undead,33%
51,Sinbad: soratobu hime to himitsu no shima Part 2,La pelicula no está en la página Rotten Tomatoes
52,Love Meet Hope,No aparece puntuación
53,Nine Dragons Mysterious Coffin,No aparece puntuación
54,Gekijouban Poketto monsutâ Adobansu jenerêshon: Nanayo no negaiboshi Jirâchi,La pelicula no está en la página Rotten Tomatoes
55,Text Messages from the Universe,No aparece puntuación
56,Totsuzen! Neko no kuni banipal witt,La pelicula no está en la página Rotten Tomatoes
57,Hellborn,6%
58,Lucky Man,No aparece puntuación
59,Legendy Orlyonka,No aparece puntuación
60,Inland Empire,72%
61,Akio Jissoji's Wonder Museum 1,No aparece puntuación
62,Gräns,La pelicula no está en la página Rotten Tomatoes
63,Wonder Women! The Untold Story of American Superheroines,100%
64,The Magician King,75%
65,Phylum Sipuncula,La pelicula no está en la página Rotten Tomatoes
66,De zee die denkt,La pelicula no está en la página Rotten Tomatoes
67,Nachtwacht: De poort der zielen,No aparece puntuación
68,The Campus,No aparece puntuación
69,Ein göttlicher Job,La pelicula no está en la página Rotten Tomatoes
70,The Prince and the Surfer,36%
71,Tai yang zhao chang sheng qi,La pelicula no está en la página Rotten Tomatoes
72,Ninkô no junan,La pelicula no está en la página Rotten Tomatoes
73,Suffering of Love,La pelicula no está en la página Rotten Tomatoes
74,Bae Wolf,No aparece puntuación
75,Golmaal Again,No aparece puntuación
76,The rug,La pelicula no está en la página Rotten Tomatoes
77,Mage Detection Tutor,La pelicula no está en la página Rotten Tomatoes
78,The Miles Ahead,74%
79,Lucinda's Spell,No aparece puntuación
80,The Unstrument,No aparece puntuación
81,Seder-Masochism,82%
82,The Wizards Books: A Tale of Three Sisters,No aparece puntuación
83,Revenge of Billy the Kid,50%
84,Freshman Mushroom Project,No aparece puntuación
85,Bugun-bylyr 2,La pelicula no está en la página Rotten Tomatoes
86,Roald Dahl's Matilda the Musical,No aparece puntuación
87,Bottom in De Road,No aparece puntuación
88,Aswang,La pelicula no está en la página Rotten Tomatoes
89,Odysseus & the Isle of Mists,La pelicula no está en la página Rotten Tomatoes
90,Peklo s princeznou,"5,9/10"
91,Suicide Knights Saga: REAP,7/10
92,Tomb Raider Ascension,La pelicula no está en la página Rotten Tomatoes
93,Peter Rabbit 2: The Runaway,67%
94,Atlantide La città sommersa,No aparece puntuación
95,The Molers: Searching for the Mole People,43%
96,El extraño visitante,La pelicula no está en la página Rotten Tomatoes
97,He Who Lives in Hidden Lakes,No aparece puntuación
98,Tilki dyvo,La pelicula no está en la página Rotten Tomatoes
99,Fracture,72%
100,Ruby Strangelove Young Witch,No aparece puntuación
101,I Am Kevin,La pelicula no está en la página Rotten Tomatoes
102,Mara und der Feuerbringer,No aparece puntuación
103,Saving Isis,No aparece puntuación
104,The Magic Stick,83%
105,Creators: The Past,"3,1/10"
106,Elf-Man,24%
107,The Kid Who Would Be King,No aparece puntuación
108,Christopher Robin,No aparece puntuación
109,Hwasango,La pelicula no está en la página Rotten Tomatoes
110,L'âge des ténèbres,La pelicula no está en la página Rotten Tomatoes
111,Operation Black Dragon - An Armed Assault Campaign,La pelicula no está en la página Rotten Tomatoes
112,The Nephilim,No aparece puntuación
113,Dream Nightmare,67%
114,Once in a Blue Moon,73%
115,Jinn of Darkness,No aparece puntuación
116,The Craft,No aparece puntuación
117,20-seiki shônen: Honkaku kagaku bôken eiga,La pelicula no está en la página Rotten Tomatoes
118,Eiga Purikyua Mirakuru Ripu: Min'na to no Fushigi na Ichinichi,La pelicula no está en la página Rotten Tomatoes
119,La Promesa del Retorno,La pelicula no está en la página Rotten Tomatoes
120,Throne Alone,No aparece puntuación
121,Sutoraiku uicchîzu: Gekijouban,La pelicula no está en la página Rotten Tomatoes
122,The Roosters: Series 1,No aparece puntuación
123,"Ni hao, xi xue gui xiao jie",La pelicula no está en la página Rotten Tomatoes
124,Betaville,No aparece puntuación
125,Avalon,83%
126,Return of Uncle Nine,La pelicula no está en la página Rotten Tomatoes
127,My Wife & I,No aparece puntuación
128,Tales from the Darkside: The Movie,46%
129,Parrs Beach,No aparece puntuación
130,Tayna snezhnoy korolevy,La pelicula no está en la página Rotten Tomatoes
131,Puppet Master: Axis Termination,29%
132,Xiang mo zhuan,La pelicula no está en la página Rotten Tomatoes
133,Mukunda Murari,No aparece puntuación
134,Kazaam,5%
135,Kimetsu no Yaiba: Mugen Ressha-Hen,No aparece puntuación
136,La tumba del Atlantico,La pelicula no está en la página Rotten Tomatoes
137,The Little Vampire,55%
138,Parallel Lines,No aparece puntuación
139,In the Mind of the Damned,8%
140,Lilly's Light: The Movie,No aparece puntuación
141,Eva,43%
142,LOOPY,La pelicula no está en la página Rotten Tomatoes
143,Hawkeye's Night Stories,No aparece puntuación
144,Dante's Divine Comedy,La pelicula no está en la página Rotten Tomatoes
145,Ying,La pelicula no está en la página Rotten Tomatoes
146,Phantasmagoria,No aparece puntuación
147,Arhuan on Assignment,No aparece puntuación
148,Shîfûdo gâru Yamaoka Maiko,La pelicula no está en la página Rotten Tomatoes
149,Tars: The Ladder,La pelicula no está en la página Rotten Tomatoes
150,Ouija Craft,No aparece puntuación
151,Visitor,69%
152,RiffTrax Live: Jack the Giant Killer,75%
153,Hidden Beauties,No aparece puntuación
154,La cellule,La pelicula no está en la página Rotten Tomatoes
155,Ésimésac,33%
156,You Are Here,No aparece puntuación
157,Tout le monde n'a pas eu la chance d'avoir des parents communistes,La pelicula no está en la página Rotten Tomatoes
158,Dragon Fury,No aparece puntuación
159,Suryavanshi,No aparece puntuación
160,Neshima,No aparece puntuación
161,Dance Til You Bleed: The World According to Hans Christian Andersen,83%
162,Valhalla Rising,No aparece puntuación
163,Atlas of Iladrael,La pelicula no está en la página Rotten Tomatoes
164,Abrakadabra,No aparece puntuación
165,The Orange Truck and Gutterman,No aparece puntuación
166,Le fabuleux voyage de l'ange,La pelicula no está en la página Rotten Tomatoes
167,Dumbo,46%
168,Totechîta chikichîta,La pelicula no está en la página Rotten Tomatoes
169,Desert Rose,50%
170,Fudgy Wudgy Fudge Face,No aparece puntuación
171,Circle of Lerel,La pelicula no está en la página Rotten Tomatoes
172,Dragon Tuka,"5,2/10"
173,Midnight Delight,88%
174,Revenge of the Dudek,"8,5/10"
175,The Mirror,No aparece puntuación
176,Ishi to uta to peta,La pelicula no está en la página Rotten Tomatoes
177,Fantom,No aparece puntuación
178,Zona Seyl,La pelicula no está en la página Rotten Tomatoes
179,The Son of Bigfoot,No aparece puntuación
180,The Haunted Mansion,13%
181,Kamen gakuen,La pelicula no está en la página Rotten Tomatoes
182,New Gods: Yang Jian,63%
183,G Saat,La pelicula no está en la página Rotten Tomatoes
184,Gekijouban Yuugiou: Chouyuugou! Jikuu o koeta kizuna,La pelicula no está en la página Rotten Tomatoes
185,Ang agimat: Anting-anting ni Lolo,6/10
186,Janazah,No aparece puntuación
187,Naken,La pelicula no está en la página Rotten Tomatoes
188,Wo de ma ji 4 ge gui,La pelicula no está en la página Rotten Tomatoes
189,De Hobbit: de Woestenij van Smaug,No aparece puntuación
190,The Ghost and the Tout Too,No aparece puntuación
191,Dope in Motion,La pelicula no está en la página Rotten Tomatoes
192,Salam Bar Fereshtegan,La pelicula no está en la página Rotten Tomatoes
193,And when the night turned black,No aparece puntuación
194,Bien profond dans ton âme,"7,5/10"
195,Ragdoll,92%
196,The Chronicles of Narnia: Prince Caspian,66%
197,Mulgoe,La pelicula no está en la página Rotten Tomatoes
198,The Dog of Christmas,No aparece puntuación
199,Fool's Dream,La pelicula no está en la página Rotten Tomatoes
200,Rolling Thunder,No aparece puntuación
201,Skull: The Mask,67%
202,Kamen raidâ Daburu fôebâ: Ê tu zetto/Unmei no gaia memori,La pelicula no está en la página Rotten Tomatoes
203,The Girl on the Dock,No aparece puntuación
204,Futari,La pelicula no está en la página Rotten Tomatoes
205,Russkiy kovcheg,La pelicula no está en la página Rotten Tomatoes
206,Dao yin jian chu cha,No aparece puntuación
207,Trolls,No aparece puntuación
208,Boy Meets Girl,65%
209,Shao nian Wei Si Li II sheng nu zhuan sheng,No aparece puntuación
210,The Lowborn,No aparece puntuación
211,NouveaLyndiaMovie,La pelicula no está en la página Rotten Tomatoes
212,Voy y vuelvo,La pelicula no está en la página Rotten Tomatoes
213,Nan yang di yi xie jiang,La pelicula no está en la página Rotten Tomatoes
214,I.F.S.,La pelicula no está en la página Rotten Tomatoes
215,Ju-on: Shiroi rôjo,La pelicula no está en la página Rotten Tomatoes
216,Velociraptor McQuade,33%
217,Dreamaway,No aparece puntuación
218,Ghahremanan-e koochak,La pelicula no está en la página Rotten Tomatoes
219,Aladin & die WunderLampe - Der Märchenfilm zum Mitspielen,La pelicula no está en la página Rotten Tomatoes
220,"Pedro Penduko, Episode II: The Return of the Comeback",La pelicula no está en la página Rotten Tomatoes
221,Purgatorio,No aparece puntuación
222,Siméon,No aparece puntuación
223,"A Girl, a Guy, a Space Helmet",No aparece puntuación
224,Kuru,No aparece puntuación
225,Yesil isik,La pelicula no está en la página Rotten Tomatoes
226,In the Mouth of Madness,58%
227,Ilargi Guztiak,La pelicula no está en la página Rotten Tomatoes
228,Now Here,La pelicula no está en la página Rotten Tomatoes
229,Koisuru vanpaia,La pelicula no está en la página Rotten Tomatoes
230,The Guardians,La pelicula no está en la página Rotten Tomatoes
231,Camino,50%
232,The Keymaster Movie,La pelicula no está en la página Rotten Tomatoes
233,Lyubov-Morkov,La pelicula no está en la página Rotten Tomatoes
234,Only Lovers Left Alive,86%
235,Mora,No aparece puntuación
236,The Baby Formula,39%
237,Volpina,La pelicula no está en la página Rotten Tomatoes
238,Babastèl,La pelicula no está en la página Rotten Tomatoes
239,Puritan,32%
240,Nos stars,No aparece puntuación
241,,
242,Alone in Oblivion,54%
243,Saithan,No aparece puntuación
244,Frankenstein and Me,58%
245,Zheng tu,La pelicula no está en la página Rotten Tomatoes
246,Il ragazzo invisibile: Seconda generazione,41%
247,Uitgang,La pelicula no está en la página Rotten Tomatoes
248,Lights Out Rowan,75%
249,All Cheerleaders Die,49%
250,33 Meadow Lane,No aparece puntuación
251,Leprechaun: Origins,0%
252,Antboy,43%
253,The Garden of Numbers,No aparece puntuación
254,Hangkussam: Balakandam the Rise,La pelicula no está en la página Rotten Tomatoes
255,Light,No aparece puntuación
256,Deyueru masutazu en no kizuna XX,La pelicula no está en la página Rotten Tomatoes
257,Ranma ½: Chûgoku Nekonron daikessen! Okite yaburi no gekitô hen,La pelicula no está en la página Rotten Tomatoes
258,Give Earth a Chance,No aparece puntuación
259,Evil Men Do,No aparece puntuación
260,Ritter Rost 2: Das Schrottkomplott,La pelicula no está en la página Rotten Tomatoes
261,Tainá: A Origem,La pelicula no está en la página Rotten Tomatoes
262,Dendrologium,La pelicula no está en la página Rotten Tomatoes
263,Judy & Punch,77%
264,Lua Phat,La pelicula no está en la página Rotten Tomatoes
265,Zinga,La pelicula no está en la página Rotten Tomatoes
266,Warrior Sisters,84%
267,Torno indietro e cambio vita,La pelicula no está en la página Rotten Tomatoes
268,January,No aparece puntuación
269,The Trip,89%
270,Doraemon: Nobita to mugen sankenshi,No aparece puntuación
271,Door Gods,100%
272,Cold Brook,80%
273,The Warrior's Way,33%
274,Ruby Splinter,No aparece puntuación
275,Twilight,49%
276,Son of the Mask,6%
277,The Brides of Sodom,50%
278,Sofies verden,58%
279,Once Upon a Lifetime,No aparece puntuación
280,Tut Sözünü,La pelicula no está en la página Rotten Tomatoes
281,Warrior's End,La pelicula no está en la página Rotten Tomatoes
282,Stag Hunt,No aparece puntuación
283,Maman Katé,La pelicula no está en la página Rotten Tomatoes
284,Life,70%
285,Entre Lençóis,La pelicula no está en la página Rotten Tomatoes
286,Les couloirs du temps: Les visiteurs II,48%
287,Winter in Pluto,100%
288,Sorceress,No aparece puntuación
289,El descuartizador,La pelicula no está en la página Rotten Tomatoes
290,El almohadon,No aparece puntuación
291,"A.D.N., l'âme de la terre",No aparece puntuación
292,Mobarak,La pelicula no está en la página Rotten Tomatoes
293,Kuroshitsuji,La pelicula no está en la página Rotten Tomatoes
294,The Book of Imagination,No aparece puntuación
295,Rookie of the Year,No aparece puntuación
296,We are like Oranges,"8,2/10"
297,Belleville,97%
298,Zombies Have Fallen,No aparece puntuación
299,Jong gwai lei: Huet gwong ji zoi,La pelicula no está en la página Rotten Tomatoes
300,Petak 13. II,La pelicula no está en la página Rotten Tomatoes
301,Deep Astronomy and the Romantic Sciences,No aparece puntuación
302,Stok Stalk Stock,No aparece puntuación
303,She Dies Tomorrow,84%
304,Gordy,No aparece puntuación
305,Mortal Kombat Legends: Battle of the Realms,50%
306,Degenerate,67%
307,Malchik-delfin,La pelicula no está en la página Rotten Tomatoes
308,Die Legende von Derdriu und Noisi,100%
309,Vodyanaya,La pelicula no está en la página Rotten Tomatoes
310,Winchester,13%
311,"Guimba: un tyran, une époque",83%
312,In the Country of Last Things,No aparece puntuación
313,Soukyu no Fafunah,La pelicula no está en la página Rotten Tomatoes
314,Benjamin Sniddlegrass and the Cauldron of Penguins,"7,8/10"
315,Enchantress,No aparece puntuación
316,Almost Amazing,67%
317,Joe's Apartment,19%
318,Welcome to Nowhere (Bullet Hole Road),"8,5/10"
319,Pérák,La pelicula no está en la página Rotten Tomatoes
320,Last Heart,La pelicula no está en la página Rotten Tomatoes
321,Movie&Copy,La pelicula no está en la página Rotten Tomatoes
322,Life of Pi,86%
323,Three Adventures of Brooke,No aparece puntuación
324,Memoria,90%
325,Death Becomes Her,55%
326,Catweazle,"5,3/10"
327,Bhaag Johnny,No aparece puntuación
328,Doraemon: Nobita and the Space Heroes,No aparece puntuación
329,Skammerens datter,50%
330,Tristan,32%
331,Accidental Incest,100%
332,Histórias Estranhas,La pelicula no está en la página Rotten Tomatoes
333,Kirk,La pelicula no está en la página Rotten Tomatoes
334,The Old Ways,95%
335,Train Quest,La pelicula no está en la página Rotten Tomatoes
336,Far Off,No aparece puntuación
337,Vampire Hunter D: Bloodlust,70%
338,Negatibu happî chênsô ejji,55%
339,Year of the Fish,58%
340,Cheeseballs,No aparece puntuación
341,The Golden Boat,80%
342,Paper Man,32%
343,Jealous Gods,No aparece puntuación
344,When the Starlight Ends,No aparece puntuación
345,The Forest,No aparece puntuación
346,Enter the Void,No aparece puntuación
347,Rosanero,No aparece puntuación
348,Sardaar Ji,No aparece puntuación
349,Ninjas vs. Zombies,20%
350,The Mark,32%
351,Shinkaijû Reigô,La pelicula no está en la página Rotten Tomatoes
352,Uddharani (Allusion),"8,3/10"
353,Hing Ting Chot,"7,1/10"
354,Ombres vives ...une autre histoire du cinema...,La pelicula no está en la página Rotten Tomatoes
355,Peace Haven,No aparece puntuación
356,The Adventures of Cinderella's Daughter,No aparece puntuación
357,O Cemitério das Almas Perdidas,No aparece puntuación
358,Nymph,La pelicula no está en la página Rotten Tomatoes
359,Peter Rabbit,No aparece puntuación
360,Mariam's Choice,La pelicula no está en la página Rotten Tomatoes
361,The Legend of Maula Jatt,No aparece puntuación
362,Apocalypse,88%
363,Ella,La pelicula no está en la página Rotten Tomatoes
364,Tre nøtter til Askepott,La pelicula no está en la página Rotten Tomatoes
365,The Iced Hunter,No aparece puntuación
366,The Kid,49%
367,Queerft: Queer Factory Tales,La pelicula no está en la página Rotten Tomatoes
368,The Vintner's Luck,45%
369,Breakout,75%
370,Party Crew,No aparece puntuación
371,Burn Paris Burn,75%
372,Xiao Qian,No aparece puntuación
373,Teito monogatari gaiden,"6,1/10"
374,Super Singh,No aparece puntuación
375,Sonhos,La pelicula no está en la página Rotten Tomatoes
376,Faust: Love of the Damned,20%
377,Flygande Grisen i Hämnden är ett klövdjur,La pelicula no está en la página Rotten Tomatoes
378,The Magical Christmas Tree,No aparece puntuación
379,V-Cyborg 2 - The Revenge,No aparece puntuación
380,Kabayo Kids,No aparece puntuación
381,Black Clover: Sword of the Wizard King,86%
382,A Good Morning,No aparece puntuación
383,Raccontami una storia,La pelicula no está en la página Rotten Tomatoes
384,Iznogoud,16%
385,K3 Bengeltjes,No aparece puntuación
386,Lady Death: The Seal of Souls,La pelicula no está en la página Rotten Tomatoes
387,Shinema no tenshi,7/10
388,Cinelabyrinth,75%
389,Eiga Doraemon: Nobita to kiseki no shima - Animaru adobenchâ,No aparece puntuación
390,Meat,No aparece puntuación
391,Gekijouban Naruto Shippuuden: Za rosuto tawâ,87%
392,Tako To Amo,La pelicula no está en la página Rotten Tomatoes
393,Shades of Darkness,No aparece puntuación
394,Bhoj Bagdawat Bharat,"6,2/10"
395,Mushka Water,100%
396,Beauty and the Beast,71%
397,"Long Life, Happiness & Prosperity",29%
398,Blood Games,51%
399,Eve,No aparece puntuación
400,The Night Flier,33%
401,Nightfur,No aparece puntuación
402,Aaladin Chachar Rajnoitik Doitto,La pelicula no está en la página Rotten Tomatoes
403,Aghora,La pelicula no está en la página Rotten Tomatoes
404,SpaceDisco One,No aparece puntuación
405,Myth: Bigfoot Hunters,No aparece puntuación
406,Cast No Shadow,80%
407,,
408,Huang jin dao li xian ji,La pelicula no está en la página Rotten Tomatoes
409,Autdoeo biginjeu,La pelicula no está en la página Rotten Tomatoes
410,Ruby Fruit,"6,2/10"
411,Present Light,La pelicula no está en la página Rotten Tomatoes
412,The Real Exorcist,No aparece puntuación
413,Gilgamesh,58%
414,PreachaDrawsRamblaSpeaks,La pelicula no está en la página Rotten Tomatoes
415,The Ant Bully,62%
416,Versus,No aparece puntuación
417,Munchie,No aparece puntuación
418,Mayday,No aparece puntuación
419,Ghost Amber,La pelicula no está en la página Rotten Tomatoes
420,Death Drive,No aparece puntuación
421,Daylight's End,40%
422,Mofa xueyuan,La pelicula no está en la página Rotten Tomatoes
423,Valdemar,No aparece puntuación
424,Barbe bleue,La pelicula no está en la página Rotten Tomatoes
425,Knights of Newgate,No aparece puntuación
426,Yasei no namahage,La pelicula no está en la página Rotten Tomatoes
427,Long khong,La pelicula no está en la página Rotten Tomatoes
428,The Mask,No aparece puntuación
429,Sakanatachi no yoru,La pelicula no está en la página Rotten Tomatoes
430,"27, Memory Lane",No aparece puntuación
431,Ishu,No aparece puntuación
432,"Theoretically, an even much more paranoid conspiratorial phone call: The Thespian",No aparece puntuación
433,Fauves,43%
434,Spider-Man: Een nieuw universum,97%
435,What the #$*! Do We (K)now!?,34%
436,Gekijô ban Bleach: Fade to Black - Kimi no na o yobu,57%
437,La noche del monje 2: la cripta fantasma,No aparece puntuación
438,Gekijouban Toaru majutsu no indekkusu: Endyumion no kiseki,La pelicula no está en la página Rotten Tomatoes
439,The Forgotten Colours of Dreams,8/10
440,Gekijô-ban Naruto shippûden,83%
441,Attraction,36%
442,Fetish Dolls Die Laughing,No aparece puntuación
443,Capitan Basilico 2 - I Fantastici 4+4,83%
444,La véritable histoire du Chat Botté,La pelicula no está en la página Rotten Tomatoes
445,Wrath of the Titans,26%
446,The Main Event,29%
447,Memphis Rising: Elvis Returns,No aparece puntuación
448,Don't Cry for Bombardier,La pelicula no está en la página Rotten Tomatoes
449,Der kleine Ritter Trenk,La pelicula no está en la página Rotten Tomatoes
450,I Razor,60%
451,Outliving Dracula: Le Fanu's Carmilla,No aparece puntuación
452,Talion,No aparece puntuación
453,Gekijô ban Kara no kyôkai: Dai isshô - Fukan fûkei,La pelicula no está en la página Rotten Tomatoes
454,Tirannoui baltob,La pelicula no está en la página Rotten Tomatoes
455,Aladin,45%
456,"Gekijôban kamen raidâ Den'ô: Ore, tanjô!",La pelicula no está en la página Rotten Tomatoes
457,Mojin: The Tomb of Ghost,La pelicula no está en la página Rotten Tomatoes
458,A Sweet and Vicious Beauty,No aparece puntuación
459,Kraftverk 3714,"3,1/10"
460,Superman: Requiem,94%
461,Bitch,67%
462,Billy Frankenstein,No aparece puntuación
463,Violet's Prey,No aparece puntuación
464,Rosewood Avenue,No aparece puntuación
465,Alienoid,83%
466,Alienators,No aparece puntuación
467,Prizrak,La pelicula no está en la página Rotten Tomatoes
468,Histoire de Marie et Julien,62%
469,Platon kai Pandora: Ta magika dakrya,La pelicula no está en la página Rotten Tomatoes
470,The Knight and the Princess,No aparece puntuación
471,Black Night Parade,No aparece puntuación
472,Terrorism Considered as One of the Fine Arts,"7,5/10"
473,Le guerre horrende,La pelicula no está en la página Rotten Tomatoes
474,Cloud Mountain,No aparece puntuación
475,Makua Charley,No aparece puntuación
476,Sípová Ruzenka,La pelicula no está en la página Rotten Tomatoes
477,Sai yau gei: Yut gwong bou haap,La pelicula no está en la página Rotten Tomatoes
478,The Boss Baby,53%
479,Cinéman,La pelicula no está en la página Rotten Tomatoes
480,Christabel,No aparece puntuación
481,Ernest et Célestine,98%
482,The Snow Queen,25%
483,Dragon Hill. La colina del dragón,"5,3/10"
484,Binnenstebuiten,La pelicula no está en la página Rotten Tomatoes
485,Abstract Istanbul,No aparece puntuación
486,Fatigue,No aparece puntuación
487,Genji monogatari: Sennen no nazo,La pelicula no está en la página Rotten Tomatoes
488,Dangshin geogi iteojoorraeyo,La pelicula no está en la página Rotten Tomatoes
489,Illir Andar,La pelicula no está en la página Rotten Tomatoes
490,Hell and Back,34%
491,Saken: United,La pelicula no está en la página Rotten Tomatoes
492,Hors Satan,80%
493,The Hill and the Hole,No aparece puntuación
494,Jaguaporeruba,La pelicula no está en la página Rotten Tomatoes
495,All American Christmas Carol,29%
496,Blithe Spirit,28%
497,Alcina Pale Shadows,96%
498,Bliss,No aparece puntuación
499,Chao ji de wo,La pelicula no está en la página Rotten Tomatoes
500,Crown of the Archons,No aparece puntuación
501,Road to Hell,No aparece puntuación
502,Hwan-sang-sog-ui geu-dae,La pelicula no está en la página Rotten Tomatoes
503,To Tokyo,No aparece puntuación
504,Mayhem,No aparece puntuación
505,Pegasus Hunter,No aparece puntuación
506,Saturday Church,No aparece puntuación
507,Hevisaurus-elokuva,No aparece puntuación
508,Xi you ji zhi da sheng gui lai,La pelicula no está en la página Rotten Tomatoes
509,The Mechanical Bride,"6,7/10"
510,No Delirium,0%
511,Gleahan and the Knaves of Industry,No aparece puntuación
512,Monquatorze,La pelicula no está en la página Rotten Tomatoes
513,Thicker Than Water: The Vampire Diaries Part 1,93%
514,Beyond Blue: An Unnerving Tale of a Demented Mind,La pelicula no está en la página Rotten Tomatoes
515,Rusichi,No aparece puntuación
516,HollyBlood,No aparece puntuación
517,Spuk am Tor der Zeit,La pelicula no está en la página Rotten Tomatoes
518,Maya,No aparece puntuación
519,El horror de la dama del lago,La pelicula no está en la página Rotten Tomatoes
520,Memory of September,La pelicula no está en la página Rotten Tomatoes
521,De la mano de un ángel,La pelicula no está en la página Rotten Tomatoes
522,Maa Goja Bayani,No aparece puntuación
523,Harry Potter and the Deathly Hallows: Part 2,No aparece puntuación
524,The Young Messiah,49%
525,Form,La pelicula no está en la página Rotten Tomatoes
526,Revelations,No aparece puntuación
527,Curse of the stone: So it begins,No aparece puntuación
528,Daydream Hotel,No aparece puntuación
529,Harry Potter and the Order of the Phoenix,No aparece puntuación
530,De Hobbit: De Slag van Vijf Legers,59%
531,Empress Vampire,No aparece puntuación
532,L'expérience,La pelicula no está en la página Rotten Tomatoes
533,Rex Blood,58%
534,Pinky,No aparece puntuación
535,Gary and the Underworld,La pelicula no está en la página Rotten Tomatoes
536,Me Contro Te Il Film - Missione Giungla,"2,7/10"
537,S.O.S Gulubú,La pelicula no está en la página Rotten Tomatoes
538,The Shaggy Dog,26%
539,Klevani: Ai no Tunnel,"5,9/10"
540,The Princess Knight,No aparece puntuación
541,Eerie Fairy Tales,No aparece puntuación
542,Mueose seuneun mulgeoningo,La pelicula no está en la página Rotten Tomatoes
543,Reckless,14%
544,Opapatika,La pelicula no está en la página Rotten Tomatoes
545,The Book of Life,89%
546,Safar-e Jadui,No aparece puntuación
547,Age of the Dragons,9%
548,Gekijô-ban akuerion,No aparece puntuación
549,Ognennyy strelok,La pelicula no está en la página Rotten Tomatoes
550,The Princess's Prisoner of War,No aparece puntuación
551,Rocaterrania,No aparece puntuación
552,Velociraptor,33%
553,Goosebumps,78%
554,Talon,La pelicula no está en la página Rotten Tomatoes
555,The Erl King,No aparece puntuación
556,Vincent,92%
557,Aztec Revenge,La pelicula no está en la página Rotten Tomatoes
558,"God, Lawyers and Everything in Between",29%
559,Neko no ongaeshi,La pelicula no está en la página Rotten Tomatoes
560,SuperBobrovy,No aparece puntuación
561,One piece: Nejimaki shima no bôken,No aparece puntuación
562,Mirai no Mirai,No aparece puntuación
563,Ancestral World,20%
564,Shadow Falls Memorial,No aparece puntuación
565,Soulkeeper,33%
566,Casper,52%
567,Shrek the Third,No aparece puntuación
568,Sana'y laging magkapiling,La pelicula no está en la página Rotten Tomatoes
569,Umi Yama Aida,No aparece puntuación
570,Nadie muere en Ambrosía,La pelicula no está en la página Rotten Tomatoes
571,La reina de los lagartos,5/10
572,Vingo,La pelicula no está en la página Rotten Tomatoes
573,Chandramukhi,73%
574,Darken,57%
575,Caramuru: A Invenção do Brasil,La pelicula no está en la página Rotten Tomatoes
576,Chong hui di qiu,La pelicula no está en la página Rotten Tomatoes
577,Lung do kei yuen,"5,1/10"
578,Kamen Raidâ × Sûpâ Sentai × Uchû Keiji: Supâ Hîrô Taisen Z,No aparece puntuación
579,La metralleta infernal,La pelicula no está en la página Rotten Tomatoes
580,Sith Wars: Episódio II - O Legado Dos Sith,65%
581,"Apocalypse, CA",87%
582,The Journey to the West: Demon's Child,"4,4/10"
583,Space Jam,43%
584,Last Train to Christmas,80%
585,Ded Moroz. Bitva Magov,"3,9/10"
586,Ivan Tsarevich i Seryy Volk,No aparece puntuación
587,Hansel & Gretel: Witch Hunters,No aparece puntuación
588,Shao nian Wei Si Li zhi tian mo zhi zi,No aparece puntuación
589,Epoch of Lotus,"7,2/10"
590,Sawgrass,La pelicula no está en la página Rotten Tomatoes
591,The Nutcracker and the Four Realms,32%
592,The Princess and the Frog,No aparece puntuación
593,Potter,La pelicula no está en la página Rotten Tomatoes
594,Folkbildningsterror,La pelicula no está en la página Rotten Tomatoes
595,Saihate Restaurant,No aparece puntuación
596,Level Up,50%
597,F-3,La pelicula no está en la página Rotten Tomatoes
598,The Fisher King,85%
599,Itsy Bitsy,No aparece puntuación
600,Da yu hai tang,La pelicula no está en la página Rotten Tomatoes
601,Ming kiyal,La pelicula no está en la página Rotten Tomatoes
602,Destiny: Kamakura monogatari,100%
603,Tales of Albion,No aparece puntuación
604,One Piece Film: Gold,67%
605,Venus de Botticelli,La pelicula no está en la página Rotten Tomatoes
606,Death of a Fool,100%
607,Better the Devil You Know,50%
608,Doragon bôru chô: Burorî,No aparece puntuación
609,Hayaller Ülkesi: Gamonya,No aparece puntuación
610,Dis-caract,La pelicula no está en la página Rotten Tomatoes
611,,
612,A Therapy for Metrophobia,La pelicula no está en la página Rotten Tomatoes
613,Guadalupe,70%
614,Gingerdead Man 3: Saturday Night Cleaver,17%
615,Vanilla Sky,43%
616,The Patchwork Film,49%
617,Den kæmpestore bjørn,La pelicula no está en la página Rotten Tomatoes
618,Ra varusu,No aparece puntuación
619,Welcome to Happiness,31%
620,Kûkai,La pelicula no está en la página Rotten Tomatoes
621,Voltes V: Legacy - The Cinematic Experience,8/10
622,The Dead Life,18%
623,Ahmed Noterdame,No aparece puntuación
624,Gekijouban Hâto no kuni no Arisu: Wonderful Wonder World,La pelicula no está en la página Rotten Tomatoes
625,Kontsert dlya krysy,La pelicula no está en la página Rotten Tomatoes
626,2538 alter ma jib,La pelicula no está en la página Rotten Tomatoes
627,Moonman,No aparece puntuación
628,Nelumbo,La pelicula no está en la página Rotten Tomatoes
629,20 Years After,11%
630,De fortabte sjæles ø,La pelicula no está en la página Rotten Tomatoes
631,Asterix het geheim van de toverdrank,La pelicula no está en la página Rotten Tomatoes
632,Daisy,82%
633,7 Hari Menembus Waktu,La pelicula no está en la página Rotten Tomatoes
634,Pioneer 12,No aparece puntuación
635,Back from 2038,La pelicula no está en la página Rotten Tomatoes
636,Pendragon: Sword of His Father,37%
637,Dokfa nai meuman,La pelicula no está en la página Rotten Tomatoes
638,Sweet Home,83%
639,Jim,No aparece puntuación
640,Back to the 70's: Of Wine & Weed,La pelicula no está en la página Rotten Tomatoes
641,Gulliver's Travels,20%
642,The Way of Snow,No aparece puntuación
643,Encanto,92%
644,Stay Tuned,No aparece puntuación
645,Arventur,La pelicula no está en la página Rotten Tomatoes
646,Beautiful Creatures,48%
647,An Impossibly Small Object,No aparece puntuación
648,Doraemon: Nobita to midori no kyojinden,No aparece puntuación
649,Song of the Hunted,No aparece puntuación
650,Wan wan mei xiang dao,La pelicula no está en la página Rotten Tomatoes
651,Eiga Hugtto! Precure x Futari wa Precure: All Stars Memories,No aparece puntuación
652,Aquaman,No aparece puntuación
653,Julemandens datter 2,No aparece puntuación
654,Dead Night,La pelicula no está en la página Rotten Tomatoes
655,"Corazón, las alegrías de Pantriste",No aparece puntuación
656,Defending Santa,20%
657,Uchû shô e yôkoso,La pelicula no está en la página Rotten Tomatoes
658,Santa Cristal,La pelicula no está en la página Rotten Tomatoes
659,Espadang patpat,La pelicula no está en la página Rotten Tomatoes
660,Undine,89%
661,Adam in Wonderland,La pelicula no está en la página Rotten Tomatoes
662,The Headless Family,No aparece puntuación
663,Cats & Dogs 3: Paws Unite,11%
664,Kingdom of Gladiators,5%
665,Koan,La pelicula no está en la página Rotten Tomatoes
666,Les As de la Jungle 2,No aparece puntuación
667,Mirakel,No aparece puntuación
668,Jonas,No aparece puntuación
669,Saken Tabaghe Vasat,La pelicula no está en la página Rotten Tomatoes
670,Beladingala Baale,No aparece puntuación
671,Magadheera,85%
672,Tamako-chan to Kokkubô,No aparece puntuación
673,Bîsuto uôzu chô seimeitai Toransufômâ supesharu,La pelicula no está en la página Rotten Tomatoes
674,Jian Shang Die,83%
675,Yabu no naka,"6,3/10"
676,West of Hell,43%
677,Searching the Dragon,68%
678,Dragon Ball Z: Doragon bôru Z - Fukkatsu no 'F',No aparece puntuación
679,Bugduui gwon,La pelicula no está en la página Rotten Tomatoes
680,Turandot,No aparece puntuación
681,Sunflower Spaceship 1,No aparece puntuación
682,Asura Bride,No aparece puntuación
683,Astonishing Tales of Terror: Rocktapussy!,No aparece puntuación
684,The Seven Mysteries of Life,No aparece puntuación
685,Vampire Diary,33%
686,Elf Bowling the Movie: The Great North Pole Elf Strike,25%
687,The Lost Princess,No aparece puntuación
688,Chui-si zao-wu ai-ge,No aparece puntuación
689,Spící mesto,No aparece puntuación
690,Aikatsu!,No aparece puntuación
691,What Women Want,54%
692,Sarasare Shab,La pelicula no está en la página Rotten Tomatoes
693,Cherry Magic! Thirty Years of Virginity Can Make You A Wizard?!: The Movie,No aparece puntuación
694,Headcheese: The Movie,No aparece puntuación
695,Dar,La pelicula no está en la página Rotten Tomatoes
696,Robin and the Dreamweavers,"4,7/10"
697,A World of Worlds: Rise of the King,No aparece puntuación
698,Dino Dana: The Movie,No aparece puntuación
699,Peter Pan,No aparece puntuación
700,Berserk: Ougon Jidai-hen I - Haou no Tamago,La pelicula no está en la página Rotten Tomatoes
701,Jai Ganesh Deva,No aparece puntuación
702,Hua gui zhu zheng ge li,La pelicula no está en la página Rotten Tomatoes
703,Red Lipstick,No aparece puntuación
704,Fate/Grand Order The Movie Divine Realm Of The Round Table: Camelot Paladin; Agateram,No aparece puntuación
705,Lonely Castle in the Mirror,50%
706,Misused Trust,No aparece puntuación
707,Saint Ange,24%
708,HairBrained,22%
709,Temporary Spirits,No aparece puntuación
710,Sorry to Bother You,93%
711,Dimland,No aparece puntuación
712,Jackie and the Genie,No aparece puntuación
713,The Return of the Ding,No aparece puntuación
714,Jason Goes to Hell: The Final Friday,15%
715,Servamp: Alice in the Garden,No aparece puntuación
716,Kriemhild's Dream,La pelicula no está en la página Rotten Tomatoes
717,Lino: Uma Aventura de Sete Vidas,La pelicula no está en la página Rotten Tomatoes
718,Joseph and the Coat of Many Colors,86%
719,Figli di Maam,No aparece puntuación
720,Déjala correr,No aparece puntuación
721,Journey of Echoes,No aparece puntuación
722,Forsaken Horizon,41%
723,Zvyozdniy vors,La pelicula no está en la página Rotten Tomatoes
724,The SpongeBob Movie: Sponge Out of Water,No aparece puntuación
725,Feeling You,La pelicula no está en la página Rotten Tomatoes
726,Mona,No aparece puntuación
727,DeLeida: Original Version,La pelicula no está en la página Rotten Tomatoes
728,Stem the Tide,No aparece puntuación
729,Rumah Tanpa Jendela,La pelicula no está en la página Rotten Tomatoes
730,Snake Club: Revenge of the Snake Woman,No aparece puntuación
731,A Family Matters Christmas,No aparece puntuación
732,Los días no vividos,No aparece puntuación
733,Secrets of an Agent,No aparece puntuación
734,Ghatotkachudu,No aparece puntuación
735,My Lucky Number is Black,No aparece puntuación
736,Brave: Gunjyo Senki,No aparece puntuación
737,Ever Last,No aparece puntuación
738,Avci Ilk Kehanet,No aparece puntuación
739,Esti Kornél csodálatos utazása,La pelicula no está en la página Rotten Tomatoes
740,Screen Door Jesus,82%
741,Patal va arezoo-haye koochak,La pelicula no está en la página Rotten Tomatoes
742,Planet Alex,44%
743,Himitsu no Akko-chan,La pelicula no está en la página Rotten Tomatoes
744,Xing kong,La pelicula no está en la página Rotten Tomatoes
745,As I Am,99%
746,Tainá 2: A Aventura Continua,No aparece puntuación
747,Curado de espantos,La pelicula no está en la página Rotten Tomatoes
748,Elektra,11%
749,Dead Awake,19%
750,Apocalypsis,No aparece puntuación
751,The Robber Bridegroom,18%
752,Sien lui yau wan II: Yan gaan dou,La pelicula no está en la página Rotten Tomatoes
753,Sayo,No aparece puntuación
754,Heavens Warriors,La pelicula no está en la página Rotten Tomatoes
755,Kin no kuni Mizu no kuni,La pelicula no está en la página Rotten Tomatoes
756,São Ateu,La pelicula no está en la página Rotten Tomatoes
757,Everything Everywhere All at Once,94%
758,Donyaye Ayandeh,La pelicula no está en la página Rotten Tomatoes
759,The Invited,29%
760,In Another Life,No aparece puntuación
761,Nachtmusik,La pelicula no está en la página Rotten Tomatoes
762,The Isle,67%
763,5 histoires... de science-fiction,La pelicula no está en la página Rotten Tomatoes
764,Blue Sapphire Jazz Nights,No aparece puntuación
765,Wings of Fame,78%
766,Arai Enn 305-il Kadavul,No aparece puntuación
767,Seninki kaç para?,La pelicula no está en la página Rotten Tomatoes
768,Chhota Bheem aur Krishna: Mayanagari,No aparece puntuación
769,G2: Heroes (Guardians of the Confluence 2),85%
770,Dong wu shi jie,La pelicula no está en la página Rotten Tomatoes
771,Il est plus facile pour un chameau...,"5,7/10"
772,Dyesebel,No aparece puntuación
773,Mislandia,La pelicula no está en la página Rotten Tomatoes
774,Persona 3 the Movie: #4 Winter of Rebirth,No aparece puntuación
775,Italy Italy,No aparece puntuación
776,Wallonie 2084,La pelicula no está en la página Rotten Tomatoes
777,Raakshas,No aparece puntuación
778,Pokémon: Genesect en de ontwaakte legende,43%
779,Petrang kabayo 2: Anong ganda mo! Mukha kang kabayo,No aparece puntuación
780,Yellow Day,75%
781,Buitenspel,31%
782,Telescope,No aparece puntuación
783,Nang mai,La pelicula no está en la página Rotten Tomatoes
784,Lao Ye Bao He: The Sisyphus,La pelicula no está en la página Rotten Tomatoes
785,The Waiting Room,100%
786,Scales: Mermaids Are Real,41%
787,Jiu tian xuan nu,"5,6/10"
788,Sinbad and the Pirate Princess,83%
789,Apps,La pelicula no está en la página Rotten Tomatoes
790,"Dead Ones, do You Live?",La pelicula no está en la página Rotten Tomatoes
791,Bel Alwan ElTabeaya,No aparece puntuación
792,Ejacula 2,"6,3/10"
793,The Emperor's Wife,No aparece puntuación
794,Le fantôme de Canterville,60%
795,A Cure for Wellness,42%
796,Yong xin tiao,La pelicula no está en la página Rotten Tomatoes
797,Xi you: Xiang mo pian,La pelicula no está en la página Rotten Tomatoes
798,Which Way Is the Front Line from Here? The Life and Time of Tim Hetherington,100%
799,Doctor Sleep,78%
800,Aimee,95%
801,Thistle,No aparece puntuación
802,Over the Moon,82%
803,The Sixth Man,No aparece puntuación
804,Esprit es-tu là?,La pelicula no está en la página Rotten Tomatoes
805,Omni: Verse,No aparece puntuación
806,Urnebesna tragedija,No aparece puntuación
807,L'amour fou,La pelicula no está en la página Rotten Tomatoes
808,Cortos Interruptus,"8,7/10"
809,Upside Down,29%
810,Disenchanted,37%
811,Mr. Atlas,33%
812,Bhoothnath Returns,55%
813,Luen oi hang sing,La pelicula no está en la página Rotten Tomatoes
814,Daikessen! Chô urutora 8 kyôdai,"6,5/10"
815,El infierno prometido,No aparece puntuación
816,The Santa Clause 3: The Escape Clause,17%
817,The Effects of Magic,No aparece puntuación
818,Cheon-gook-eui woo-pyeon-bae-dal-boo,La pelicula no está en la página Rotten Tomatoes
819,The Prodigy,No aparece puntuación
820,Lori and the Six Six Sixties,7/10
821,Tsukigami,La pelicula no está en la página Rotten Tomatoes
822,"Jeannie, bakit ngayon ka lang?",No aparece puntuación
823,Eos,La pelicula no está en la página Rotten Tomatoes
824,Diary of a Fatman,No aparece puntuación
825,Blur,La pelicula no está en la página Rotten Tomatoes
826,Bathory,49%
827,Mordbüro,La pelicula no está en la página Rotten Tomatoes
828,Gekijouban Poketto monsutâ Adobansu jenerêshon: Rekkuu no houmonsha Deokishisu,La pelicula no está en la página Rotten Tomatoes
829,Doctor Infierno,No aparece puntuación
830,Anji,No aparece puntuación
831,The Spine of Night,La pelicula no está en la página Rotten Tomatoes
832,Habibi bistanan and al bahar,La pelicula no está en la página Rotten Tomatoes
833,Trip,No aparece puntuación
834,Quest for Zhu,67%
835,Kiss of the Moon,No aparece puntuación
836,Digimon Adventure tri. 2: Ketsui,No aparece puntuación
837,Candy Von Dewd and the Girls from Latexploitia,La pelicula no está en la página Rotten Tomatoes
838,Da Hu Fa,La pelicula no está en la página Rotten Tomatoes
839,Homestay,No aparece puntuación
840,Doraemon Nobita no Takarajima,75%
841,Arion Among the Waves,88%
842,Reverse,No aparece puntuación
843,"Hello, My Cat",No aparece puntuación
844,Zug der Abenteuer,La pelicula no está en la página Rotten Tomatoes
845,Der Trip,85%
846,Mortal Engines,No aparece puntuación
847,Paddington 2,99%
848,As He Was Written,La pelicula no está en la página Rotten Tomatoes
849,Coati,75%
850,Zombie Apocalypse: A Love Story,17%
851,Junkers Come Here,89%
852,Bride of the Saucer Monster,No aparece puntuación
853,Sombras Brancas,"6,1/10"
854,Now and at the Hour,La pelicula no está en la página Rotten Tomatoes
855,Kangal Malsat,"7,3/10"
856,Let Me In,No aparece puntuación
857,The Flying Machine,25%
858,#Sequence,No aparece puntuación
859,La increíble historia del Niño de Piedra,La pelicula no está en la página Rotten Tomatoes
860,Fist of the North Star: The Shin Saga,64%
861,Amania,La pelicula no está en la página Rotten Tomatoes
862,Circle's Short Circuit,La pelicula no está en la página Rotten Tomatoes
863,In Dreams,25%
864,What If...,33%
865,La double vie de Véronique,85%
866,Beyond Life,No aparece puntuación
867,Sins of the Dragon,52%
868,Dragon Ball Z: The Burning Battles,No aparece puntuación
869,Hostile,No aparece puntuación
870,The Nail,No aparece puntuación
871,Olu,No aparece puntuación
872,Among Us,59%
873,The Craft: Legacy,48%
874,Saturday Morning,60%
875,Yao mo dao,La pelicula no está en la página Rotten Tomatoes
876,Copiii: The 1st Entry,0%
877,Gritos del Yaguarón,La pelicula no está en la página Rotten Tomatoes
878,Popoluska,La pelicula no está en la página Rotten Tomatoes
879,Ulak,La pelicula no está en la página Rotten Tomatoes
880,The Omen,26%
881,Valhalla,67%
882,The Steam Engines of Oz,No aparece puntuación
883,Ridley and the Bug,33%
884,Star Wars: Literacy Strikes Back,95%
885,Peti leptir,La pelicula no está en la página Rotten Tomatoes
886,Kureyon Shinchan: Shûrai!! Uchûjin shiriri,La pelicula no está en la página Rotten Tomatoes
887,Crystania no densetsu,La pelicula no está en la página Rotten Tomatoes
888,A Study in Gravity,96%
889,Otesánek,La pelicula no está en la página Rotten Tomatoes
890,Fans Anonymous,47%
891,Nightshades,88%
892,Under a Shipwrecked Moon,No aparece puntuación
893,Ricky,No aparece puntuación
894,Heptic Studios Five Nights at Freddy's 3 Your Turn (The Movie Cut),30%
895,Entre Pancho Villa y una mujer desnuda,No aparece puntuación
896,The Stone,50%
897,Proshchanie,La pelicula no está en la página Rotten Tomatoes
898,De maanprinses en het geheim van het witte paard,La pelicula no está en la página Rotten Tomatoes
899,Valerian and the City of a Thousand Planets,48%
900,Quixote's Island,No aparece puntuación
901,Inakunare Gunjo,"5,1/10"
902,Rendalf the Wizard,La pelicula no está en la página Rotten Tomatoes
903,Patoruzito,43%
904,Se jiang,No aparece puntuación
905,Nightbumpers,La pelicula no está en la página Rotten Tomatoes
906,Fakiren fra Bilbao,"5,5/10"
907,Nabbers,La pelicula no está en la página Rotten Tomatoes
908,Gladiator Games,No aparece puntuación
909,Secret Magic Control Agency,53%
910,Die Heinzels - Rückkehr der Heinzelmännchen,No aparece puntuación
911,Mary Rose,No aparece puntuación
912,Lonewolf: The Awakening,La pelicula no está en la página Rotten Tomatoes
913,12 Pups of Christmas,17%
914,Baby Frankenstein,83%
915,The Official Journey Volume Two,La pelicula no está en la página Rotten Tomatoes
916,The Twilight Saga: Breaking Dawn - Part 2,No aparece puntuación
917,Yoko,33%
918,Hum Tum Aur Ghost,29%
919,Kujua,La pelicula no está en la página Rotten Tomatoes
920,Throg,0%
921,Abraham,La pelicula no está en la página Rotten Tomatoes
922,"Papá, soy una zombi",La pelicula no está en la página Rotten Tomatoes
923,The Academy of Magic,14%
924,Anamorphosis,27%
925,La Danza de la Realidad,92%
926,Pizza Girl,31%
927,A Day Without a Mexican,27%
928,Thor: Love and Thunder,63%
929,Sati Behula,No aparece puntuación
930,Quest for Steel,"7,9/10"
931,Sodium Party,No aparece puntuación
932,Malý pán,La pelicula no está en la página Rotten Tomatoes
933,Papi Ramirez vs. Giant Scorpion,No aparece puntuación
934,Brûler pour Briller,La pelicula no está en la página Rotten Tomatoes
935,CAMEO'n Me,La pelicula no está en la página Rotten Tomatoes
936,The Ritual,No aparece puntuación
937,Rukus,No aparece puntuación
938,The Preacher's Wife,62%
939,In Between,No aparece puntuación
940,Cremaster 3,63%
941,Mugen shinshi: Ningyô jigoku,No aparece puntuación
942,Cafe in the Void,La pelicula no está en la página Rotten Tomatoes
943,A Mythology of Revenge,La pelicula no está en la página Rotten Tomatoes
944,Wound,No aparece puntuación
945,Star Child,La pelicula no está en la página Rotten Tomatoes
946,Yi tin to lung gei: Moh gaau gaau jue,La pelicula no está en la página Rotten Tomatoes
947,Jem and the Holograms,22%
948,Say Goodbye to Hollywood,100%
949,Don't Blink,21%
950,Xane: The Vampire God,No aparece puntuación
951,Luna,No aparece puntuación
952,Demon in the Bottle,40%
953,Turning Mecards W: Resurrection of the Black Mirror,No aparece puntuación
954,The Eternal Present,No aparece puntuación
955,Majokko shimai no Yoyo to Nene,"6,6/10"
956,To Write Love on Her Arms,No aparece puntuación
957,Canim kardesim benim,No aparece puntuación
958,Blood and Honey,No aparece puntuación
959,Zurdo,La pelicula no está en la página Rotten Tomatoes
960,Gui jiao chun,La pelicula no está en la página Rotten Tomatoes
961,Chai Gong,La pelicula no está en la página Rotten Tomatoes
962,La nuée,La pelicula no está en la página Rotten Tomatoes
963,Prevenge,91%
964,Buffy the Vampire Slayer,36%
965,Fat Albert,23%
966,Doi Mat Am Duong,No aparece puntuación
967,War of Devils,No aparece puntuación
968,Terrifying T-Rex,No aparece puntuación
969,Atrás da Sombra,No aparece puntuación
970,Peacemaker Kurogane: Omo-michi,"8,1/10"
971,The Buffalo Son,100%
972,Godzilla II: King of the Monsters,No aparece puntuación
973,Do It with Your Brain,No aparece puntuación
974,Mar Gaye Oye Loko,43%
975,Streghe verso nord,"4,1/10"
976,La leyenda de la Nahuala,52%
977,Los Angeles/Tehran,88%
978,Xun long jue,La pelicula no está en la página Rotten Tomatoes
979,Le Marquis de la Croix,29%
980,Kingsglaive: Final Fantasy XV,12%
981,Samuel's Travels,La pelicula no está en la página Rotten Tomatoes
982,Fantastica,No aparece puntuación
983,El Beat,No aparece puntuación
984,Tarot,No aparece puntuación
985,LEGO DC Shazam!: Magic and Monsters,71%
986,Sureiyâzu,La pelicula no está en la página Rotten Tomatoes
987,Brandon Bryant the Documentary: Drones & Deceptions,La pelicula no está en la página Rotten Tomatoes
988,The Instant Messenger Mission,90%
989,Die Zauberflöte il Flauto Magico,La pelicula no está en la página Rotten Tomatoes
990,"The Palace of Ryugu, When Day Breaks",No aparece puntuación
991,A Stork's Journey,62%
992,Road to Ninja: Naruto the Movie,La pelicula no está en la página Rotten Tomatoes
993,Daikaijû Batoru: Urutora Ginga Densetsu - The Movie,No aparece puntuación
994,Låt den rätte komma in,La pelicula no está en la página Rotten Tomatoes
995,The Menkoff Method,No aparece puntuación
996,r3tual,No aparece puntuación
997,Thumbelina,No aparece puntuación
998,My Mother's Eyes,No aparece puntuación
999,Kimetsu no Yaiba: Natagumo Yama Hen,La pelicula no está en la página Rotten Tomatoes
1000,Tukso layuan mo ako!,No aparece puntuación
1001,Evangeline,No aparece puntuación
1002,Kurumittek Awilla,La pelicula no está en la página Rotten Tomatoes
1003,Aimy in a Cage,60%
1004,The Changing Faces of Red Hook,La pelicula no está en la página Rotten Tomatoes
1005,Who Called the Gods,No aparece puntuación
1006,Hotel Transylvania 3: A Monster Vacation,62%
1007,Sputnik!,88%
1008,Añoranzas de mi madre,No aparece puntuación
1009,Jing ling bian,La pelicula no está en la página Rotten Tomatoes
1010,Khaemae Mein Matt Jhankain,La pelicula no está en la página Rotten Tomatoes
1011,Dolphin Moves,81%
1012,Instruments of Darkness,No aparece puntuación
1013,Return to Never Land,45%
1014,Jogo do Copo,49%
1015,Reincarnation,62%
1016,Koko-di koko-da,81%
1017,Lyubov v bolshom gorode,La pelicula no está en la página Rotten Tomatoes
1018,,
1019,Un nuage dans un verre d'eau,No aparece puntuación
1020,Celeste Kennicot,La pelicula no está en la página Rotten Tomatoes
1021,Dad,No aparece puntuación
1022,Shrek Forever After,No aparece puntuación
1023,Mediterra by Allstars U.S.A Entertainment,No aparece puntuación
1024,Certova nevesta,La pelicula no está en la página Rotten Tomatoes
1025,Sin-gwa ham-kke: In-gwa yeon,La pelicula no está en la página Rotten Tomatoes
1026,Die tödliche Maria,La pelicula no está en la página Rotten Tomatoes
1027,Shazam!,No aparece puntuación
1028,El patalarga,No aparece puntuación
1029,Timm Thaler oder das verkaufte Lachen,La pelicula no está en la página Rotten Tomatoes
1030,A Christmas Horror Story,83%
1031,Netru Pol Indru Illai,No aparece puntuación
1032,The Destiny of Pigs.,La pelicula no está en la página Rotten Tomatoes
1033,The Lego Ninjago Movie,55%
1034,Yurameku,"2,1/10"
1035,Chi bi: Jue zhan tian xia,La pelicula no está en la página Rotten Tomatoes
1036,Valley of Love,73%
1037,Forsaken: A Star Wars Fan Film,La pelicula no está en la página Rotten Tomatoes
1038,Der Herr der Floppy Disc,La pelicula no está en la página Rotten Tomatoes
1039,Violet,86%
1040,Altered Perception,33%
1041,Dot in Space,No aparece puntuación
1042,Darkstar the Motion Picture,No aparece puntuación
1043,The Key and the Answer,No aparece puntuación
1044,Bamse och häxans dotter,La pelicula no está en la página Rotten Tomatoes
1045,The Lurking Man,99%
1046,Kayanmata,La pelicula no está en la página Rotten Tomatoes
1047,The Embryo Who Came in from the Cold,86%
1048,Empyrean: Dawn of Light,No aparece puntuación
1049,,
1050,Purgatory,No aparece puntuación
1051,A Praia do Fim do Mundo,La pelicula no está en la página Rotten Tomatoes
1052,Tian jiang xiong shi,La pelicula no está en la página Rotten Tomatoes
1053,The Dragons of Jim Green,No aparece puntuación
1054,Dark Metropolis,12%
1055,The Nutcracker Prince,14%
1056,Le portrait,No aparece puntuación
1057,The Poor Hoodman,No aparece puntuación
1058,The Nativity Story,37%
1059,The Bastard Sword,No aparece puntuación
1060,Dragons of Camelot,0%
1061,Suit of Lights,No aparece puntuación
1062,Kunoichi ninpô-chô V: Jiraiya hishô,No aparece puntuación
1063,Moy muzh - inoplanetyanin,"5,3/10"
1064,Siganitalja,La pelicula no está en la página Rotten Tomatoes
1065,The Dead Matter,41%
1066,Escanaba in da Moonlight,50%
1067,Raha Va Angoshtare Jadoo,No aparece puntuación
1068,Kung fu,91%
1069,The Chronicles of the Order: Bloodline,La pelicula no está en la página Rotten Tomatoes
1070,Orcs!,12%
1071,One Zero One - Die Geschichte von Cybersissy & BayBjane,No aparece puntuación
1072,Dead West,22%
1073,Last Mountain,86%
1074,Hellbound,32%
1075,Hodiak,La pelicula no está en la página Rotten Tomatoes
1076,Devi Abhayam,No aparece puntuación
1077,Catwoman,8%
1078,Eyes of the Moon,No aparece puntuación
1079,Eat. Sleep. Repeat.,No aparece puntuación
1080,Piliste Palukutha,La pelicula no está en la página Rotten Tomatoes
1081,Legend of the Phantom Rider,50%
1082,Our Brief Eternity,No aparece puntuación
1083,My Santa,45%
1084,Spaces Underlined,No aparece puntuación
1085,Gegege no Kitarô,La pelicula no está en la página Rotten Tomatoes
1086,National Theatre Live: Nation,No aparece puntuación
1087,Dear Mr. Cash,No aparece puntuación
1088,Santa Jaws,52%
1089,Mighty Joe Young,54%
1090,Swami Ayyappan,No aparece puntuación
1091,"Nassereddin Shah, Actor-e Cinema",No aparece puntuación
1092,Brama,La pelicula no está en la página Rotten Tomatoes
1093,Videobook: A Clockwork Orange,87%
1094,Jenneh: The Devil's Daughter,40%
1095,Anak ng bulkan,"7,1/10"
1096,Highlander: Endgame,11%
1097,Zoetrope,No aparece puntuación
1098,Rise of the Teenage Mutant Ninja Turtles,79%
1099,Ray Meets Helen,43%
1100,Wicked,No aparece puntuación
1101,Super Idol,No aparece puntuación
1102,"Kakor v nebesih, tako na zemlji",No aparece puntuación
1103,Believe in Me: A Cinderella Mini Musical,No aparece puntuación
1104,Zomb'd,La pelicula no está en la página Rotten Tomatoes
1105,Jai Shakumbhari Maa,No aparece puntuación
1106,Vortex,No aparece puntuación
1107,Sow,La pelicula no está en la página Rotten Tomatoes
1108,Table at Luigi's,La pelicula no está en la página Rotten Tomatoes
1109,Heksje Lilly en de Reis naar Mandolan,No aparece puntuación
1110,História,La pelicula no está en la página Rotten Tomatoes
1111,The Rodfellows Movie,"2,2/10"
1112,Cette maison,La pelicula no está en la página Rotten Tomatoes
1113,Bird People,59%
1114,The Pilgrim's Progress,No aparece puntuación
1115,For the Blinds,No aparece puntuación
1116,Cumulus 9,No aparece puntuación
1117,Wonderful World End,No aparece puntuación
1118,Vikingdom,43%
1119,Princess the Secret Service Part 2,No aparece puntuación
1120,Yan yue chuen suet,La pelicula no está en la página Rotten Tomatoes
1121,The Fluid Drips Twice,La pelicula no está en la página Rotten Tomatoes
1122,Fated,No aparece puntuación
1123,Reel Nightmare,No aparece puntuación
1124,Hob fi Eltalaga,"6,8/10"
1125,The Fisher: Tacklebox,No aparece puntuación
1126,Buhawi Jack,"5,7/10"
1127,Hänsel und Gretel,13%
1128,De prins van Egypte,79%
1129,Tayna Sukharevoy bashni. Charodey ravnovesiya,"5,7/10"
1130,The True Monkey King,59%
1131,Recife Assombrado,"5,7/10"
1132,Anaganaga O Dheerudu,57%
1133,Todd McFarlane's Spawn 3: The Ultimate Battle,No aparece puntuación
1134,Torn: A Wicked Trilogy,La pelicula no está en la página Rotten Tomatoes
1135,A Wrinkle in Time,42%
1136,Der kleine Drache Kokosnuss - Auf in den Dschungel!,La pelicula no está en la página Rotten Tomatoes
1137,Inside the Secret Magic Castle,No aparece puntuación
1138,Le Collier Perdu de la Colombe,87%
1139,Princezna zakletá v case 2,"6,4/10"
1140,The Slick White Rabbit,88%
1141,The Butcher's Wife,24%
1142,Alison,No aparece puntuación
1143,Los piratas y la calavera de plata,La pelicula no está en la página Rotten Tomatoes
1144,Deep Web XXX,79%
1145,La Belle Époque,90%
1146,Goblin - Das ist echt Troll,"5,5/10"
1147,Babes in Toyland,42%
1148,Dark Heaven,15%
1149,Monarque,La pelicula no está en la página Rotten Tomatoes
1150,Sprite Sisters - Vier zauberhafte Schwestern,La pelicula no está en la página Rotten Tomatoes
1151,Wakers,La pelicula no está en la página Rotten Tomatoes
1152,Unspeakable Horrors: The Plan 9 Conspiracy,No aparece puntuación
1153,The Sorcerer's Apprentice,40%
1154,Alma mater,No aparece puntuación
1155,Mi rifaccio vivo,No aparece puntuación
1156,I Kill Giants,No aparece puntuación
1157,Frog,No aparece puntuación
1158,Trolls World,No aparece puntuación
1159,The Fall,No aparece puntuación
1160,Kung Fu Panda 3,No aparece puntuación
1161,Konyok-gorbunok,La pelicula no está en la página Rotten Tomatoes
1162,Un sentimiento honesto en el calabozo del olvido,La pelicula no está en la página Rotten Tomatoes
1163,The Great Buddha Arrival,No aparece puntuación
1164,Bazihaye Mardaneh,La pelicula no está en la página Rotten Tomatoes
1165,GG Bond: Guarding,No aparece puntuación
1166,The Masque Story Trilogy: The Core Edit,La pelicula no está en la página Rotten Tomatoes
1167,Wake-Up Callz,No aparece puntuación
1168,Má Sina,La pelicula no está en la página Rotten Tomatoes
1169,Destová víla,La pelicula no está en la página Rotten Tomatoes
1170,The Summer of the Kavalcutes,La pelicula no está en la página Rotten Tomatoes
1171,Supercool,40%
1172,Justice League: Warworld,50%
1173,Erenflix Operasyonu,No aparece puntuación
1174,Ah Aah: Anbe Aaruyire,No aparece puntuación
1175,Eréndira la indomable,La pelicula no está en la página Rotten Tomatoes
1176,Fighting Angels: Exodus,La pelicula no está en la página Rotten Tomatoes
1177,Heaven Is Hell,No aparece puntuación
1178,Keizer Kuzco,La pelicula no está en la página Rotten Tomatoes
1179,Ikai Dek Wat Chedi,No aparece puntuación
1180,Star Trek: Operation Beta Shield,La pelicula no está en la página Rotten Tomatoes
1181,Ponniyin Selvan: Part I,No aparece puntuación
1182,Firegate,No aparece puntuación
1183,Thelma,La pelicula no está en la página Rotten Tomatoes
1184,Ödestimmen,La pelicula no está en la página Rotten Tomatoes
1185,De Zeven Spiegels,"6,1/10"
1186,The New Adventures of Pinocchio,31%
1187,The Black Gate,No aparece puntuación
1188,Ghost Squad,50%
1189,Jom kha mung wej,"5,5/10"
1190,Sisters,No aparece puntuación
1191,Nightscape: Dark Reign of Thanatos,No aparece puntuación
1192,Líng yi zhen tan she,La pelicula no está en la página Rotten Tomatoes
1193,Comédie de l'innocence,La pelicula no está en la página Rotten Tomatoes
1194,The Refrigerator,No aparece puntuación
1195,Abracadabra,No aparece puntuación
1196,Abortifacient,No aparece puntuación
1197,Ladrón que roba a ladrón,La pelicula no está en la página Rotten Tomatoes
1198,The Legend of Shanyu Town,La pelicula no está en la página Rotten Tomatoes
1199,Bigfoot's Lament,26%
1200,Pokémon: De Film - Lucario en het Mysterie van Mew,80%
1201,Tears of Remedy,"8,6/10"
1202,The Amazing Colossal Woman,La pelicula no está en la página Rotten Tomatoes
1203,Vykradena pryntsesa: Ruslan i Lyudmyla,40%
1204,Legacy of the Tengu,La pelicula no está en la página Rotten Tomatoes
1205,Babine,69%
1206,Nanatsu no Taizai : Ensa no Edinburgh 2,La pelicula no está en la página Rotten Tomatoes
1207,Finding Tom Bombadil,87%
1208,Lazare,No aparece puntuación
1209,Cats Don't Dance,71%
1210,Anata o zutto aishiteru,No aparece puntuación
1211,Smacznego telewizorku,La pelicula no está en la página Rotten Tomatoes
1212,The Nines,64%
1213,Bésame en la boca,No aparece puntuación
1214,Bichunmoo,69%
1215,Beowulf,No aparece puntuación
1216,Electric Angel,No aparece puntuación
1217,Madre Tierra,La pelicula no está en la página Rotten Tomatoes
1218,The Hat Man,La pelicula no está en la página Rotten Tomatoes
1219,Scooby Doo 2: De losgeslagen monsters,No aparece puntuación
1220,La finale,La pelicula no está en la página Rotten Tomatoes
1221,Nietzsche v Rossii,57%
1222,Night Realm,La pelicula no está en la página Rotten Tomatoes
1223,Sam hoi tsam yan,La pelicula no está en la página Rotten Tomatoes
1224,The Crusader,27%
1225,Huang Daxian,"6,6/10"
1226,Vicino alla Montagna,No aparece puntuación
1227,Flight of the Dragon,92%
1228,Offseason,68%
1229,Minty: The Assassin,No aparece puntuación
1230,7 from Etheria,No aparece puntuación
1231,East Planet,No aparece puntuación
1232,Dark Cupid,14%
1233,El espacio entre las cosas,No aparece puntuación
1234,Big Gold Brick,21%
1235,Sex Files: Sexually Bewitched,La pelicula no está en la página Rotten Tomatoes
1236,National Theatre Live: Peter Pan,La pelicula no está en la página Rotten Tomatoes
1237,Mobile Suit Gundam Thunderbolt: Bandit Flower,No aparece puntuación
1238,"Subdivision, Colorado",No aparece puntuación
1239,The Walpurgisnacht,No aparece puntuación
1240,Enchanted,No aparece puntuación
1241,Rio Cigano,"6,3/10"
1242,Larry: Episode 1: Larry the Little Freakin' Knight,No aparece puntuación
1243,"Kimi to, nami ni noretara",La pelicula no está en la página Rotten Tomatoes
1244,Mei Kongque,La pelicula no está en la página Rotten Tomatoes
1245,My Friend Ganesha 3,No aparece puntuación
1246,Los campeones de la lucha libre,No aparece puntuación
1247,Mowgli,La pelicula no está en la página Rotten Tomatoes
1248,Triangle,79%
1249,Nashira Sadachbia,La pelicula no está en la página Rotten Tomatoes
1250,Where the Dead Go to Die,27%
1251,Life is Fare,No aparece puntuación
1252,Leprechaun Returns,45%
1253,Unknown Dimension: The Story of Paranormal Activity,No aparece puntuación
1254,Dita in Distress,No aparece puntuación
1255,Journey to the East,No aparece puntuación
1256,Ghost Bride,No aparece puntuación
1257,Xing yuan,La pelicula no está en la página Rotten Tomatoes
1258,Lúa vermella,La pelicula no está en la página Rotten Tomatoes
1259,Cert ví proc,"5,7/10"
1260,Habanastation,75%
1261,O What Wonders Are the Children of Men!,No aparece puntuación
1262,Ezra Crane,No aparece puntuación
1263,Princess Ella,La pelicula no está en la página Rotten Tomatoes
1264,Wei guang shan liang di yi ge qingchen,La pelicula no está en la página Rotten Tomatoes
1265,Swapner Feriwala,No aparece puntuación
1266,Kaibutsu-kun,No aparece puntuación
1267,Kuen sun,La pelicula no está en la página Rotten Tomatoes
1268,To oneiro tou skylou,No aparece puntuación
1269,Liao zhai zhi yi: Nie yu gu gui,No aparece puntuación
1270,Avci,La pelicula no está en la página Rotten Tomatoes
1271,Panchakshari,No aparece puntuación
1272,Shapeshifter,25%
1273,Towa no Quon 5: Souzetsu no Raifuku,No aparece puntuación
1274,Brillebjørn feirer jul,No aparece puntuación
1275,The Haunted Man,37%
1276,The League of Gentlemen's Apocalypse,83%
1277,Song of Extinction,No aparece puntuación
1278,Dedunu Akase,"6,7/10"
1279,Die Windpomp,"6,8/10"
1280,Masters of Romance,No aparece puntuación
1281,Meari to majo no hana,La pelicula no está en la página Rotten Tomatoes
1282,Nôgêmu nôraifu: Zero,74%
1283,El Encanto de la Oscuridad: Parte 2,No aparece puntuación
1284,Saimin,La pelicula no está en la página Rotten Tomatoes
1285,Gremlins 2: The New Batch,71%
1286,Newist,La pelicula no está en la página Rotten Tomatoes
1287,Hon Papa Da Con Gái,La pelicula no está en la página Rotten Tomatoes
1288,Limbo,93%
1289,Sphere of Fear 2,No aparece puntuación
1290,Wonder Woman: Bloodlines,No aparece puntuación
1291,Kamiarizuki no kodomo,La pelicula no está en la página Rotten Tomatoes
1292,Neptune,No aparece puntuación
1293,Teri Diwali Meri Christmas,No aparece puntuación
1294,Die blinde Kuh,No aparece puntuación
1295,ANPANMAN: Dororin and the Transformation Carnival,La pelicula no está en la página Rotten Tomatoes
1296,Dzhura the King's Son,No aparece puntuación
1297,Ascendant,La pelicula no está en la página Rotten Tomatoes
1298,In-peul-loo-eon-seu,"5,7/10"
1299,Grandma Werewolf,No aparece puntuación
1300,Siêu Nhân X,La pelicula no está en la página Rotten Tomatoes
1301,Scrawl,22%
1302,Everything Beautiful Is Far Away,76%
1303,Ranma ½: Kessen Tôgenkyô! Hanayome o torimodose!!,La pelicula no está en la página Rotten Tomatoes
1304,La película infinita,La pelicula no está en la página Rotten Tomatoes
1305,Gekijouban Fate/Stay Night: Heaven's Feel - II. Lost Butterfly,La pelicula no está en la página Rotten Tomatoes
1306,Wilsonov,La pelicula no está en la página Rotten Tomatoes
1307,"Ni hao, Li Huan Ying",La pelicula no está en la página Rotten Tomatoes
1308,The Magic of Chocolate,No aparece puntuación
1309,Astérix et les Vikings,86%
1310,Devil's Drain,No aparece puntuación
1311,Khalli el demagh sahi,No aparece puntuación
1312,Bibliothèque Pascal,67%
1313,Eh kasi bata,No aparece puntuación
1314,El bosque animado,La pelicula no está en la página Rotten Tomatoes
1315,Kate & Leopold,52%
1316,Chiu si hung yiu oi,La pelicula no está en la página Rotten Tomatoes
1317,Terror House,No aparece puntuación
1318,Into the West,77%
1319,Taalismaan,La pelicula no está en la página Rotten Tomatoes
1320,Pokémon: De Film - Mew Tegen Mewtwo,16%
1321,La hora 24,La pelicula no está en la página Rotten Tomatoes
1322,The Exotic House of Wax,No aparece puntuación
1323,Owo Ago,La pelicula no está en la página Rotten Tomatoes
1324,Super Mario Bros.,29%
1325,Horsehead,35%
1326,Sha hai zhu long,La pelicula no está en la página Rotten Tomatoes
1327,Space Vampire,No aparece puntuación
1328,Félix et le trésor de Morgäa,No aparece puntuación
1329,Nagavalli,No aparece puntuación
1330,Elmer no boken,La pelicula no está en la página Rotten Tomatoes
1331,Jiao zhu zhuan,La pelicula no está en la página Rotten Tomatoes
1332,Red Lights,31%
1333,Nagina,No aparece puntuación
1334,The 4Bidden Fables,No aparece puntuación
1335,Fathishandhuvaruge Feshun 3D,La pelicula no está en la página Rotten Tomatoes
1336,Swinka,No aparece puntuación
1337,Franklin et le trésor du lac,73%
1338,3 Ages,No aparece puntuación
1339,Complot internacional antilatinoamericano KKKK,No aparece puntuación
1340,Are We Done Yet?,7%
1341,The Man with Rain in His Shoes,La pelicula no está en la página Rotten Tomatoes
1342,Noten Paradise,70%
1343,Jadoo Nagri,58%
1344,Saawan... The Love Season,No aparece puntuación
1345,Zazda strasti,"6,1/10"
1346,Huo shao hong lian si,"7,6/10"
1347,Brahmastra Part One: Shiva,49%
1348,Gekijô-ban - Bishôjo senshi Sêrâ Mûn S,La pelicula no está en la página Rotten Tomatoes
1349,Magic in the Mirror,41%
1350,Fu Yao Bai Yu Zhen 2,La pelicula no está en la página Rotten Tomatoes
1351,,
1352,Dr. Otto Dekein's Original Design,La pelicula no está en la página Rotten Tomatoes
1353,Superman Iljimae,No aparece puntuación
1354,Hollywood Ghosts,No aparece puntuación
1355,Papa Est Devenu un Lutin,No aparece puntuación
1356,Kaamelott - Premier volet,71%
1357,Katabi ko'y mamaw,La pelicula no está en la página Rotten Tomatoes
1358,Cherry,64%
1359,Red Horn,La pelicula no está en la página Rotten Tomatoes
1360,Kuru Kuru and Friends: The Rainbow Tree Forest,"7,7/10"
1361,Patric,No aparece puntuación
1362,The Sleep: Survival Horror - Part One,La pelicula no está en la página Rotten Tomatoes
1363,Mr Ya Miss,27%
1364,Piratas en el Callao,"3,8/10"
1365,Mystified,No aparece puntuación
1366,She,No aparece puntuación
1367,Walk-In,No aparece puntuación
1368,Van Helsing,No aparece puntuación
1369,En duva satt på en gren och funderade på tillvaron,La pelicula no está en la página Rotten Tomatoes
1370,Toy Story 3 in Real Life,No aparece puntuación
1371,Haunter,50%
1372,Distorted Transfection,No aparece puntuación
1373,A Young Connecticut Yankee in King Arthur's Court,La pelicula no está en la página Rotten Tomatoes
1374,The Christmas Switch,33%
1375,"Geeks and Goblins, Elves and Elliot","6,7/10"
1376,Employee's Mystery,No aparece puntuación
1377,Embers of the Sky,"6,3/10"
1378,Bai Fa Mo Nu Wai Chuan,La pelicula no está en la página Rotten Tomatoes
1379,Faust,La pelicula no está en la página Rotten Tomatoes
1380,Djinn,30%
1381,Hang wan chiu yan,La pelicula no está en la página Rotten Tomatoes
1382,Bing feng qi xia,La pelicula no está en la página Rotten Tomatoes
1383,Transparent,98%
1384,Hjælp! Jeg er en fisk,La pelicula no está en la página Rotten Tomatoes
1385,Gumball Dreams,La pelicula no está en la página Rotten Tomatoes
1386,Valentino y el clan del can,No aparece puntuación
1387,Spooked in Bridgewater,La pelicula no está en la página Rotten Tomatoes
1388,Guai wu xian sheng,La pelicula no está en la página Rotten Tomatoes
1389,San tin lung bat bo: Tin San Tung Lo,La pelicula no está en la página Rotten Tomatoes
1390,Swaha: Life Beyond Superstition,La pelicula no está en la página Rotten Tomatoes
1391,Chung buk ji,La pelicula no está en la página Rotten Tomatoes
1392,Ajîru sesshon,La pelicula no está en la página Rotten Tomatoes
1393,Spirit Lake,La pelicula no está en la página Rotten Tomatoes
1394,El aviso,La pelicula no está en la página Rotten Tomatoes
1395,Huldra: Lady of the Forest,No aparece puntuación
1396,Un caballo llamado Elefante,La pelicula no está en la página Rotten Tomatoes
1397,Spirit Warriors,No aparece puntuación
1398,Yo y Las Bestias,La pelicula no está en la página Rotten Tomatoes
1399,Shake Rattle & Roll X,No aparece puntuación
1400,Aliens Stole My Body,57%
1401,Heukwoo,La pelicula no está en la página Rotten Tomatoes
1402,The Velvet Elvis,100%
1403,Doraemon: Nobita no Uchû hyôryûki,No aparece puntuación
1404,Nothing Else,No aparece puntuación
1405,Niko - lentäjän poika,La pelicula no está en la página Rotten Tomatoes
1406,The Agreement,No aparece puntuación
1407,Jonah Hex,12%
1408,Efímera,No aparece puntuación
1409,Minutos Atrás,La pelicula no está en la página Rotten Tomatoes
1410,Demon,92%
1411,A Little Princess,97%
1412,Kalpanthe Sihinayak,No aparece puntuación
1413,Er ist wieder da,La pelicula no está en la página Rotten Tomatoes
1414,Coven of Dixon Cliff,La pelicula no está en la página Rotten Tomatoes
1415,Ju-on 2,56%
1416,The Scorpion King: Book of Souls,72%
1417,Vordum: Price of Death,"8,6/10"
1418,Aa! Megamisama! The Movie,90%
1419,El espíritu de la escalera,La pelicula no está en la página Rotten Tomatoes
1420,Beti and Amare,No aparece puntuación
1421,Umro Ayyar - A New Beginning,No aparece puntuación
1422,Cuidado con lo que deseas,No aparece puntuación
1423,Heksje Lilly - De draak en het magische boek,La pelicula no está en la página Rotten Tomatoes
1424,Qing she: Qian yuan,No aparece puntuación
1425,Emmanuelle 2000,No aparece puntuación
1426,Stealing Time,No aparece puntuación
1427,Candyflip,No aparece puntuación
1428,LEGO DC Super Hero Girls: Super-villain High,77%
1429,Sunday Ewenje,No aparece puntuación
1430,Du gui zong dong yuan,No aparece puntuación
1431,Der Besucher,No aparece puntuación
1432,Urutoraman Kosumosu: The First Contact,No aparece puntuación
1433,Transcending: The Beginning of Josephine,No aparece puntuación
1434,Status Update,0%
1435,The Gifted,No aparece puntuación
1436,Highlander II: The Quickening,0%
1437,Backseat Animal,62%
1438,Asylum Seekers,37%
1439,Garoojigi,La pelicula no está en la página Rotten Tomatoes
1440,Hi no Tori: Eden no Hana,La pelicula no está en la página Rotten Tomatoes
1441,Myavu myavu karimpoocha 3D,No aparece puntuación
1442,Two Front Teeth,27%
1443,Abesha.com,La pelicula no está en la página Rotten Tomatoes
1444,Paragon School for Girls,"6,2/10"
1445,The Girl of Destiny,No aparece puntuación
1446,À l'aventure,27%
1447,Thirteen Erotic Ghosts,No aparece puntuación
1448,Song of King Solomon,No aparece puntuación
1449,Theresa & Allison,No aparece puntuación
1450,Blood of the Witch: The Complete Film,La pelicula no está en la página Rotten Tomatoes
1451,Kalervo Palsa ja kuriton käsi,"5,4/10"
1452,Orlando,84%
1453,Reka,La pelicula no está en la página Rotten Tomatoes
1454,The Smurfs,No aparece puntuación
1455,Vandor - Krieg der Gesinningen,La pelicula no está en la página Rotten Tomatoes
1456,Kryptonita,15%
1457,Kompani Hansteen,La pelicula no está en la página Rotten Tomatoes
1458,Halcyon Dreams,No aparece puntuación
1459,The Oracle,No aparece puntuación
1460,C Section,No aparece puntuación
1461,Wonder Park,34%
1462,ElectroBabe & DynaChick 5,La pelicula no está en la página Rotten Tomatoes
1463,Fan zhuan ren sheng,No aparece puntuación
1464,Christmas Déjà Vu,No aparece puntuación
1465,Night of the Shadow People,17%
1466,Grace's Room,No aparece puntuación
1467,Dente por Dente,La pelicula no está en la página Rotten Tomatoes
1468,"My Friend, Oscar.",No aparece puntuación
1469,House of Last Things,51%
1470,Dragon,36%
1471,Adventures of Aladdin,17%
1472,Vers 2009: La Légende de Saint Julien L'Hospitalier,La pelicula no está en la página Rotten Tomatoes
1473,Röllin sydän,No aparece puntuación
1474,Points of View,No aparece puntuación
1475,The Grump Who Stole Christmas,No aparece puntuación
1476,Yuk po tuen II: Yuk lui sam ging,La pelicula no está en la página Rotten Tomatoes
1477,Ghostmates,60%
1478,Gekijôban Sword Art Online Progressive Hoshi naki yoru no Aria,80%
1479,La otra magia,No aparece puntuación
1480,Gekijôban Kamen Raidâ Amazonzu shîzun 1: Kakusei,No aparece puntuación
1481,Cybernetic Genesis - La guerra tra i due mondi,No aparece puntuación
1482,Curious George 2: Follow That Monkey!,52%
1483,Haunting Pusher,83%
1484,The Box of Sergius,La pelicula no está en la página Rotten Tomatoes
1485,Fausto 5.0,60%
1486,Derakula,25%
1487,Soul Piercer,No aparece puntuación
1488,Suchîmubôi,La pelicula no está en la página Rotten Tomatoes
1489,Come to the Show,La pelicula no está en la página Rotten Tomatoes
1490,"Lockhart: Into the Past, Darkly",No aparece puntuación
1491,Shang-Chi and the Legend of the Ten Rings,No aparece puntuación
1492,The Judas Project,42%
1493,Imo,La pelicula no está en la página Rotten Tomatoes
1494,Kim's Dilkusha: Life Goes on,La pelicula no está en la página Rotten Tomatoes
1495,Tango Mask,68%
1496,My Little Pony: Equestria Girls - Rainbow Rocks,No aparece puntuación
1497,La rage du Démon,100%
1498,Obsession,38%
1499,Ennu Swantham Janakikutty,"7,6/10"
1500,Pretty Evil,95%
